 NIPPON INDIA MF - NIPPON INDIA Dual Advantage FTF  Sr. x Plan E -  GO,RDAXEDG,NDAXEDG,30-OCT-2019
 NIPPON INDIA MF - NIPPON INDIA Dual Advantage FTF  Sr. x Plan E - DPO,RDAXEDD,NDAXEDD,30-OCT-2019
 NIPPON INDIA MF - NIPPON INDIA Dual Advantage FTF  Sr. x Plan E-DPGO,RDAXEDDG,NDAXEDDG,30-OCT-2019
 NIPPON INDIA MF-NIPPON INDIA Dual Advantage FTF Sr.x Plan E- DP- DPO,RDAXEDDD,NDAXEDDD,30-OCT-2019
360 ONE WAM LIMITED,IIFLWAM,360ONE,23-JAN-2023
3M India Limited,BIRLA3M,3MINDIA,15-JUN-2004
3P Land Holdings Limited,PDUMJEAGRO,PDUMJEIND,28-MAR-2008
3P Land Holdings Limited,PDUMJEIND,3PLAND,04-MAY-2018
63 moons technologies limited,FINANTECH,63MOONS,19-JAN-2017
A2Z Infra Engineering Limited,A2ZMES,A2ZINFRA,31-DEC-2014
AJR INFRA AND TOLLING LIMITED,GAMMNINFRA,AJRINFRA,16-AUG-2021
AMBANI ORGOCHEM LIMITED,AMBANIORG,AMBANIORGO,01-AUG-2024
AMD Industries Limited,AMDMET,AMDIND,25-FEB-2008
ANDHRA PAPER LIMITED,IPAPPM,ANDPAPER,22-JAN-2020
ANDHRA PAPER LIMITED,APPAPER,IPAPPM,21-JAN-2014
ANDHRA PAPER LIMITED,ANDPAPER,ANDHRAPAP,05-MAR-2020
ANG Industries Limited,ANGAUTO,ANGIND,16-JUN-2010
ARVIND PORT AND INFRA LIMITED,ACSAL,ARVINDPORT,09-DEC-2024
ATLANTAA LIMITED,ATLANTA,ATLANTAA,15-DEC-2023
ATN International Limited,ARIHANTCRE,ATNINT,17-SEP-2003
AVATAR Industries Limited,ASLIND,AVATAR,24-APR-2026
AVRO INDIA LIMITED,AVONMPL,AVROIND,01-NOV-2019
AXISCADES Technologies Limited,IT&T,AXIS-IT&T,16-AUG-2005
AXISCADES Technologies Limited,AXIS-IT&T,AXISCADES,08-OCT-2014
AYM Syntex Limited,WELSYNTEX,AYMSYNTEX,03-FEB-2016
Aban Offshore Limited,ABANLOYD,ABAN,18-AUG-2006
Aban Offshore Limited,ABANLLOYD,ABANLOYD,17-JAN-2005
Abans Financial Services Limited,AHL,AFSL,01-APR-2025
Abhishek Corporation Limited,AML,ABHISHEK,26-JUN-2008
Accelya Solutions India Limited,KALECONSUL,ACCELYA,06-SEP-2012
Acutaas Chemicals Limited,AMIORG,ACUTAAS,02-JUN-2025
Adani Energy Solutions Limited,ADANITRANS,ADANIENSOL,24-AUG-2023
Adani Enterprises Limited,ADANIEXPO,ADANIENT,20-SEP-2006
Adani Ports and Special Economic Zone Limited,MUNDRAPORT,ADANIPORTS,17-JAN-2012
Adani Total Gas Limited,ADANIGAS,ATGL,13-JAN-2021
Addictive Learning Technology Limited,LAWSIKHO,ADDICTIVE,17-DEC-2025
Aditya Birla Chemicals (India) Limited,BCCL,ABCIL,09-MAR-2009
Aditya Birla Chemicals (India) Limited,BIHARCAUST,BCCL,05-DEC-2005
Aditya Birla Fashion and Retail Limited,PFRL,ABFRL,29-JAN-2016
Aditya Birla Money Limited,APOLLOSIND,BIRLAMONEY,09-SEP-2009
Aditya Birla Nuvo Limited,INDRAYON,ABIRLANUVO,07-DEC-2005
Aditya Birla Real Estate Limited,CENTURYTEX,ABREL,10-OCT-2024
Ador Welding Limited,ADVANIORLI,ADORWELD,27-SEP-2004
Ador Welding Limited,ADORWELD,ADOR,11-APR-2025
Adroit Infotech Limited,SPHEREGSL,ADROITINFO,19-APR-2018
Adroit Infotech Limited,COLORCHIPS,SPHEREGSL,13-OCT-2015
Adroit Infotech Limited,ARHAMFISCL,COLORCHIPS,04-APR-2006
Advani Hotels & Resorts (India) Limited,RAMADHOTEL,ADVANIHOTR,25-JUN-2007
Aegis Logistics Limited,AEGISCHEM,AEGISLOG,07-JUN-2024
Aeroflex Enterprises Limited,SATINDLTD,AEROENTER,25-JUN-2025
Aeroflex Neu Limited,SAH,AERONEU,22-AUG-2025
Aftek Limited,AFTEKINFO,AFTEK,27-NOV-2006
Agro Tech Foods Limited,ITCAGRO,ATFL,31-DEC-2002
Ajmera Realty & Infra India Limited,SHREE,AJMERA,23-JUN-2009
Akzo Nobel India Limited,ICI,AKZOINDIA,27-MAY-2010
Alcokraft Distilleries Limited,AURDIS,ALCODIS,18-NOV-2025
Alembic Limited,ALMBICHEM,ALEMBICLTD,22-SEP-1999
Alicon Castalloy Limited,ENKEI,ALICON,04-MAR-2011
Alivus Life Sciences Limited,GLS,ALIVUS,20-JAN-2025
Allcargo Gati Limited,GATI,ACLGATI,30-NOV-2023
Alldigi Tech Limited,ALLSEC,ALLDIGI,27-SEP-2024
Amara Raja Energy & Mobility Limited,AMARAJABAT,ARE&M,27-OCT-2023
Ambuja Cement Rajasthan Limited,DLFCEMENT,AMBUJARAJN,20-AUG-2001
Ambuja Cements Limited,GUJAMBCEM,AMBUJACEM,24-JUL-2007
Amj Land Holdings Limited,PDUMJEPULP,AMJLAND,19-JAN-2018
Angel One Limited,ANGELBRKG,ANGELONE,11-NOV-2021
Anik Industries Limited,MPGLYCEM,ANIKINDS,21-MAY-2008
Ansal Properties & Infrastructure Limited,ANSALPROP,ANSALINFRA,27-JAN-2006
Ansal Properties & Infrastructure Limited,ANSALINFRA,ANSALAPI,14-MAY-2010
Antelopus Selan Energy Limited,SELAN,ANTELOPUS,22-SEP-2025
Apcotex Industries Limited,APCOTEXLAT,APCOTEXIND,01-NOV-2006
Aqylon Nexus Limited,SABTNL,AQYLON,11-FEB-2026
Arihant Academy Limited,AAL,ARIHANTACA,02-JAN-2023
Arisinfra Solutions Limited,ARISINFRA,ARIS,09-FEB-2026
Arrow Greentech Limited,ARROWCOAT,ARROWGREEN,11-MAY-2016
Arvind Limited,ARVINDMILL,ARVIND,07-JUL-2008
Arvind SmartSpaces Limited,ARVINFRA,ARVSMART,05-DEC-2016
AstraZeneca Pharma India Limited,ASTRAIDL,ASTRAZEN,10-APR-2007
Atcom Technologies Limited,ATCOIND,ATCOM,29-APR-2004
Atul Limited,ATULPROD,ATUL,10-MAR-2005
Auri Grow India Limited,GODHA,AURIGROW,17-OCT-2025
Aurum PropTech Limited,MAJESCO,AURUM,22-OCT-2021
Ausom Enterprise Limited,COREBIO,COREEMBLG,15-OCT-2001
Ausom Enterprise Limited,COREEMBLG,AUSOMENT,01-DEC-2009
Automotive Stampings and Assemblies Limited,JBMT,ASAL,14-OCT-2003
Aventus Buildcon Limited,RATNAINFRA,AVENTUS,03-AUG-2017
AvenuesAI Limited,INFIBEAM,CCAVENUE,03-FEB-2026
Axis Bank Limited,UTIBANK,AXISBANK,16-AUG-2007
Aztecsoft Limited,AZTEC,AZTECSOFT,20-SEP-2006
BALAXI PHARMACEUTICALS LIMITED,ANANDAMRUB,BALAXI,27-SEP-2017
BIL VYAPAR LIMITED,BINANIIND,BILVYAPAR,14-JUL-2025
BIRLASOFT LIMITED,KPIT,BSOFT,26-FEB-2019
BOROSIL RENEWABLES LIMITED,BOROSIL,BORORENEW,20-FEB-2020
BOSCH HOME COMFORT INDIA LIMITED,JCHAC,BOSCH-HCIL,24-DEC-2025
BS Limited,BSTRANSCOM,BSLIMITED,29-NOV-2012
BSEL Infrastructure Realty Limited,BSELINFO,BSELINFRA,12-MAR-2004
Baba Agro Food Limited,SKML,BABAFOOD,27-MAY-2019
Bajaj Consumer Care Limited,BAJAJCORP,BAJAJCON,15-JAN-2019
Bajaj Finance Limited,BAJAUTOFIN,BAJFINANCE,29-SEP-2010
Bajaj Holdings & Investment Limited,BAJAJAUTO,BAJAJHLDNG,14-MAR-2008
Balkrishna Paper Mills Limited,NIRVIKARA,BALKRISHNA,06-SEP-2016
Banco Products (I) Limited,BANCOPROD,BANCOINDIA,22-DEC-2006
Bhagyanagar India Limited,BAGYAMETAL,BHAGYNAGAR,12-SEP-2006
Bhansali Engineering Polymers Limited,BHANSALENG,BEPL,21-MAR-2005
Bharat Bijlee Limited,BARATBIJLE,BBL,21-NOV-2006
Bharat Financial Inclusion Limited,SKSMICRO,BHARATFIN,01-JUL-2016
Bharati Defence and Infrastructure Limited,BHARTISHIP,BHARATIDIL,26-FEB-2016
Bharti Airtel Limited,BHARTI,BHARTIARTL,19-JUN-2006
Bharti Hexacom Limited,LIST000857,BHARTIHEXA,08-APR-2024
Birla Cable Limited,BIRLAERIC,BIRLACABLE,26-SEP-2016
Birla Corporation Limited,BIRLAJUTE,BIRLACORPN,28-JUL-2008
Birla Power Solutions Limited,BIRLAYAMAH,BIRLAPOWER,06-JUN-2007
BirlaNu Limited,HIL,BIRLANU,09-APR-2025
Bkm Industries Limited,MANAKINDST,BKMINDST,23-NOV-2017
Black Box Limited,AVAYAGCL,AGCNET,08-JUN-2010
Black Box Limited,AGCNET,BBOX,03-DEC-2021
Black Box Limited,TATATELECM,AVAYAGCL,01-NOV-2004
Blue Coast Hotels Limited,MOREPENHTL,BLUECOAST,05-DEC-2006
Bosch Chassis Systems India Limited,KALYANBRAK,BOSCHCHASY,10-FEB-2006
Bosch Limited,MICO,BOSCHLTD,28-FEB-2008
Brabourne Enterprises Limited,RPGLS,BRABOURNE,14-MAR-2008
Brabourne Enterprises Limited,SEARLEIND,RPGLS,05-DEC-2006
Brightcom Group Limited,LYCOS,BCG,08-OCT-2018
CARYSIL LIMITED,ACRYSIL,CARYSIL,18-NOV-2022
CARYSIL LIMITED,1201210518,ACRYSIL,12-JAN-2021
CG Power and Industrial Solutions Limited,CROMPGREAV,CGPOWER,08-MAR-2017
CIE Automotive India Limited,MAHINDCIE,CIEINDIA,19-JUN-2023
CLC Industries Limited,SPENTEX,CLCIND,01-JAN-2026
CORE Education & Technologies Limited,COREPROTEC,COREEDUTEC,07-SEP-2011
COSMO FIRST LIMITED,COSMOFILMS,COSMOFIRST,25-JUL-2022
CP Capital Limited,CAREERP,CPCAP,20-MAR-2025
Capital First Limited,FCH,CAPF,06-DEC-2012
Capri Global Capital Limited,MMFSL,CGCL,05-AUG-2013
Career Point Limited,CPIL,CAREERP,16-NOV-2011
Carol Info Services Limited,WOCKLIFE,CAROLINFO,27-SEP-2004
Castex Technologies Limited,AMTEKINDIA,CASTEXTECH,11-JUN-2015
Cemindia Projects Limited,ITDCEM,CEMPRO,17-SEP-2025
Centurion Bank of Punjab Limited,CENBNK,CENTBOP,06-DEC-2005
Chembond Chemicals Limited,CHEMBONDIN,CHEMBONDCH,21-JUL-2025
Chennai Petroleum Corporation Limited,MADRASREFN,CHENNPETRO,09-AUG-2000
Chettinad Cement Corporation Limited,CHETNADCEM,CHETTINAD,17-MAY-2007
Cholamandalam Financial Holdings Limited,TIFIN,CHOLAHLDNG,09-APR-2019
Cholamandalam Investment and Finance Company Limited,CHOLADBS,CHOLAFIN,22-JUN-2010
Cholamandalam Investment and Finance Company Limited,CHOLAINV,CHOLADBS,01-JUN-2006
Cineline India Limited,CINEPRO,CINELINE,23-AUG-2013
Clariant Chemicals (India) Limited,COLORCHEM,CLNINDIA,05-JUN-2006
Coforge Limited,NIITTECH,COFORGE,20-AUG-2020
Cohance Lifesciences Limited,SUVENPHAR,COHANCE,19-MAY-2025
Coral Hub Limited,VITLINFO,CORALHUB,26-JUL-2010
Coromandel International Limited,COROMNFERT,COROMANDEL,12-OCT-2009
Country Condo's Limited,NEOCURE,COUNCODOS,31-AUG-2012
Creative Newtech Limited,CREATIVE,CNL,10-DEC-2025
Crest Animation Studios Limited,CRESTCOMM,CRESTANI,04-JAN-2005
Crest Ventures Limited,SHARYANRES,SHARRESLTD,27-DEC-2006
Crest Ventures Limited,SHARRESLTD,CREST,16-OCT-2014
Cummins India Limited,KIRLOSKCUM,CUMMINSIND,17-JUN-2005
Cura Technologies Limited,SOFTPRO,CURATECH,23-NOV-2010
Cyient Limited,INFOTECENT,CYIENT,22-MAY-2014
DCB Bank Limited,DCB,DCBBANK,15-JAN-2014
DCM Shriram Limited,DCMSRMCONS,DCMSHRIRAM,13-MAR-2014
DEEP ENERGY RESOURCES LIMITED,DEEPIND,DEEPENR,30-SEP-2020
DELPHI WORLD MONEY LIMITED,WEIZFOREX,EBIXFOREX,20-MAR-2020
DELPHI WORLD MONEY LIMITED,EBIXFOREX,DELPHIFX,01-SEP-2021
DHARAN INFRA-EPC LIMITED,KBCGLOBAL,DHARAN,26-JUN-2025
DIC India Limited,COATESIND,DICIND,06-SEP-2004
DMCC SPECIALITY CHEMICALS LIMITED,DHARAMSI,DMCC,02-NOV-2022
DSP  Mutual Fund - DSP Nifty 50 ETF,DSPN50ETF,NIFTY50ADD,15-FEB-2024
DSP  Mutual Fund - DSP Nifty 50 ETF,NIFTY50ADD,NIFTYADD,15-DEC-2025
DSP  Mutual Fund - DSP Nifty 50 Equal Weight ETF,DSPNEWETF,EQUAL50ADD,15-FEB-2024
DSP  Mutual Fund - DSP Nifty Bank ETF,DSPBANKETF,BANKETFADD,15-FEB-2024
DSP  Mutual Fund - DSP Nifty Bank ETF,BANKETFADD,BANKADD,15-DEC-2025
DSP  Mutual Fund - DSP Nifty Midcap 150 Quality 50 ETF,DSPQ50ETF,MIDQ50ADD,15-FEB-2024
DSP  Mutual Fund - DSP Silver ETF,DSPSILVETF,SILVERADD,15-FEB-2024
DSP BSE Sensex ETF,DSPSENXETF,SENSEXADD,15-FEB-2024
DSP Mutual Fund - DSP Gold ETF,DSPGOLDETF,GOLDETFADD,15-FEB-2024
DSP Mutual Fund - DSP Gold ETF,GOLDETFADD,GOLDADD,15-DEC-2025
DSP Mutual Fund - DSP Nifty IT ETF,DSPITETF,ITETFADD,15-FEB-2024
DSP Mutual Fund - DSP Nifty IT ETF,ITETFADD,ITADD,15-DEC-2025
DSP Mutual Fund - DSP Nifty PSU Bank ETF,DSPPSBKETF,PSUBANKADD,15-FEB-2024
DSP Mutual Fund - DSP Nifty Private Bank ETF,DSPPVBKETF,PVTBANKADD,15-FEB-2024
Dalmia Bharat Limited,DALMIABEL,DALMIABHA,09-JAN-2013
Dalmia Bharat Sugar and Industries Limited,DALMIACEM,DALMIASUG,30-SEP-2010
Dalmia Refractories Limited,SHRINATRAJ,DALMIAREF,22-MAY-2014
Datamatics Global Services Limited,DATATECH,DATAMATICS,20-APR-2009
De Nora India Limited,TITANOCOMP,DENORA,20-AUG-2007
Deccan Cements Limited,DECCANCEM,DECCANCE,02-AUG-2007
Delta Corp Limited,ARROWGROUP,DELTACORP,11-DEC-2008
Delta Manufacturing Limited,GPELECT,DELTAMAGNT,15-DEC-2008
Dewan Housing Finance Corporation Limited,DEWANHOUS,DHFL,22-MAY-2012
Dhani Loans and Services Limited,ICFL,DHANILOANS,17-SEP-2020
Dhani Services Limited,IBVENTURES,DHANI,28-OCT-2020
Dhani Services Limited,IBVENTPP,DHANIPP,28-OCT-2020
Dhani Services Limited,IBSEC,IBVENTURES,01-APR-2015
Dhanuka Infra Realty Limited,DRL,DIRL,02-JAN-2026
Dhunseri Ventures Limited,DTIL,DPTL,26-JUL-2010
Dhunseri Ventures Limited,DPTL,DPL,12-NOV-2014
Dhunseri Ventures Limited,DPL,DVL,02-JAN-2019
DiGiSPICE Technologies Limited,SPICEMOBI,DIGISPICE,28-AUG-2019
DiGiSPICE Technologies Limited,SPICEMOBIL,SMOBILITY,26-JUL-2011
DiGiSPICE Technologies Limited,SMOBILITY,SPICEMOBI,19-AUG-2014
Digjam Limited,BVXL,DIGJAM,28-APR-2008
Dolat Algotech Limited,DOLAT,DOLATALGO,20-DEC-2021
Dr. Datson's Labs Limited,AANJANEYA,DRDATSONS,02-SEP-2013
Ducon Infratechnologies Limited,DYNATECH,DUCON,11-MAY-2016
E-Land Apparel Limited,MUDRA,ELAND,13-MAR-2015
EIH Associated Hotels Limited,OBERHOTEL,EIHAHOTELS,08-APR-2008
EMA Partners India Limited,EMAIN,EMAPARTNER,11-MAR-2025
EPL Limited,ESSELPACK,EPL,19-OCT-2020
ETERNAL LIMITED,ZOMATO,ETERNAL,09-APR-2025
Edelweiss Fixed Maturity Plan - Series 14 - DP-GO,JD14G,ED14G,28-NOV-2016
Edelweiss Fixed Maturity Plan - Series 14 - Direct Plan - Dividend,JD14D,ED14D,28-NOV-2016
Edelweiss Fixed Maturity Plan - Series 14 - Regular Plan - Dividend,JP14D,E14D,28-NOV-2016
Edelweiss Fixed Maturity Plan - Series 14 - Regular Plan - Growth,JP14G,E14G,28-NOV-2016
Edelweiss Fixed Maturity Plan - Series 20 - Direct Plan - Dividend,JD20D,ED20D,28-NOV-2016
Edelweiss Fixed Maturity Plan - Series 20 - Direct Plan - Growth,JD20G,ED20G,28-NOV-2016
Edelweiss Fixed Maturity Plan - Series 20 - Regular Plan - Dividend,JP20D,E20D,28-NOV-2016
Edelweiss Fixed Maturity Plan - Series 20 - Regular Plan - Growth,JP20G,E20G,28-NOV-2016
Edelweiss Fixed Maturity Plan - Series 35 - Direct Plan - Growth,JD35G,ED35G,28-NOV-2016
Edelweiss Fixed Maturity Plan - Series 35 - Regular Plan - Dividend,JP35D,E35D,28-NOV-2016
Edelweiss Fixed Maturity Plan - Series 35 - Regular Plan - Growth,JP35G,E35G,28-NOV-2016
Edelweiss Fixed Maturity Plan - Series 37 - Direct Plan - Growth,JD37G,ED37G,28-NOV-2016
Edelweiss Fixed Maturity Plan - Series 37 - Regular Plan - Dividend,JP37D,E37D,28-NOV-2016
Edelweiss Fixed Maturity Plan - Series 37 - Regular Plan - Growth,JP37G,E37G,28-NOV-2016
Edelweiss Fixed Maturity Plan - Series 38 - Direct Plan - Growth,JD38G,ED38G,28-NOV-2016
Edelweiss Fixed Maturity Plan - Series 38 - Regular Plan - Dividend,JP38D,E38D,28-NOV-2016
Edelweiss Fixed Maturity Plan - Series 38 - Regular Plan - Growth,JP38G,E38G,28-NOV-2016
Edelweiss Fixed Maturity Plan - Series 40 - Direct Plan - Growth,JD40G,ED40G,28-NOV-2016
Edelweiss Fixed Maturity Plan - Series 40 - Regular Plan - Dividend,JP40D,E40D,28-NOV-2016
Edelweiss Fixed Maturity Plan - Series 40 - Regular Plan - Growth,JP40G,E40G,28-NOV-2016
Edelweiss Fixed Maturity Plan - Series 502 - Dividend Option,J502D,E502D,28-NOV-2016
Edelweiss Fixed Maturity Plan - Series 502 - Growth Option,J502G,E502G,28-NOV-2016
Edelweiss Income Fund - Series 501 - Dividend,J501D,E501D,28-NOV-2016
Edelweiss Income Fund - Series 501 - Growth,J501G,E501G,28-NOV-2016
Elecon Engineering Company Limited,ELECONENGG,ELECON,29-SEP-2006
Elgi Rubber Company Limited,ELGITYRE,ELGIRUBBER,22-DEC-2008
Emami Realty Limited,EMAMIINFRA,EMAMIREAL,15-NOV-2018
Embassy Developments Limited,IBREALEST,EMBDL,08-JUL-2024
Entegra Limited,INDUJENERT,ENTEGRA,25-APR-2007
Eon Electric Limited,INDOASIFU,EONELECT,18-AUG-2011
Epigral Limited,MFL,EPIGRAL,11-SEP-2023
Equippp Social Impact Technologies Limited,PROINDIA,EQUIPPP,30-NOV-2021
Era Infra Engineering Limited,ERACONS,ERAINFRA,25-FEB-2008
Everest Industries Limited,ETERNEVRST,EVERESTIND,27-MAY-2005
Excel Realty N Infra Limited,EXCELINFO,EXCEL,05-MAY-2015
Exide Industries Limited,CHLORIDIND,EXIDEIND,12-SEP-2005
Expleo Solutions Limited,THINKSOFT,SQSBFSI,30-SEP-2014
Expleo Solutions Limited,SQSBFSI,EXPLEOSOL,02-MAY-2019
FORCE MOTORS LTD,BAJAJTEMPO,FORCEMOT,19-AUG-2019
Fame India Limited,SHRINGAR,FAME,25-FEB-2008
Fedders Electric and Engineering Limited,FEDDERLOYD,FEDDERELEC,13-JUN-2017
Federal-Mogul Goetze (India) Limited.,GOETZEIND,FMGOETZE,12-SEP-2006
Fidelity Mutual Fund - Fidelity Fixed Maturity Plan -SVI- Plan F - DP,FIFMPS6FD,LTFMPS6FD,14-JAN-2013
Flextronics Software Systems Limited,HUGHESSOFT,FSS,17-MAR-2005
Fresenius Kabi Oncology Limited,DABURPHARM,FKONCO,19-FEB-2009
Future Consumer Limited,FCEL,FCONSUMER,25-OCT-2016
Future Consumer Limited,FVIL,FCEL,17-OCT-2013
Future Enterprises Limited,FRL,FEL,13-MAY-2016
Future Enterprises Limited,FRLDVR,FELDVR,13-MAY-2016
Future Enterprises Limited,PANTALOONR,FRL,11-APR-2013
Future Enterprises Limited,PRETAILDVR,FRLDVR,11-APR-2013
Future Market Networks Limited,AGRE,FMNL,06-MAR-2012
G-TEC JAINX EDUCATION LIMITED,KEERTI,GTECJAINX,12-SEP-2023
GACM Technologies Limited,STAMPEDE,GATECH,14-JUL-2023
GACM Technologies Limited,SCAPDVR,GATECHDVR,08-AUG-2023
GANESH HOUSING LIMITED,GANESHHOUC,GANESHHOU,15-SEP-2025
GB Global Limited,MIL,GBGLOBAL,09-SEP-2019
GE Power India Limited,GEPIL,GVPIL,28-AUG-2025
GE Power India Limited,ABBALPO,APIL,19-MAY-2003
GE Power India Limited,AIL,GEPIL,14-SEP-2016
GE Power India Limited,APIL,AIL,11-JUL-2012
GE T&D India Limited,GECALSTHOM,AREVA,30-JUN-2008
GE T&D India Limited,ALSTOMT&D,GET&D,14-SEP-2016
GE T&D India Limited,AREVA,AREVAT&D,14-JUL-2008
GE T&D India Limited,AREVAT&D,ALSTOMT&D,12-MAR-2012
GE Vernova T&D India Limited,GET&D,GVT&D,05-NOV-2024
GFL Limited,GUJFLUORO,GFLLIMITED,25-JUL-2019
GMR AIRPORTS LIMITED,GMRINFRA,GMRAIRPORT,11-DEC-2024
GMR Industries Limited,GMRVASAVI,GMRINDSTRS,28-APR-2006
GOCL Corporation Limited,GULFCORP,GOCLCORP,10-NOV-2015
GP Petroleums Limited,SAHPETRO,GULFPETRO,06-MAY-2015
GSL Nova Petrochemicals Limited,NOVA,GSLNOVA,18-DEC-2009
GSS Infotech Limited,GSSAMERICA,GSS,24-AUG-2011
GTL Limited,GLOBALTELE,GTL,14-JAN-2005
GTN Industries Limited,GTNTEXT,GTNIND,24-FEB-2006
GVP Infotech Limited,4THDIM,GVPTECH,31-JUL-2023
Ganesh Housing Corporation Limited,GANHSGFIN,GANESHHOUC,02-MAR-2007
Garware Technical Fibres Limited,GARWALLROP,GARFIBRES,13-AUG-2018
GeeCee Ventures Limited,GWALCHEM,GEECEE,05-MAR-2010
Genus Power Infrastructures Limited,GENUSOVERE,GENUSPOWER,14-JAN-2008
Geodesic Limited,GEOINFO,GEODESIC,06-OCT-2008
Geojit Financial Services Limited,GEOJIT,GEOJITBNPP,05-JUN-2009
Geojit Financial Services Limited,GEOJITBNPP,GEOJITFSL,02-MAR-2017
Gillette India Limited,INDSHAVING,GILLETTE,04-APR-2006
GlaxoSmithKline Consumer Healthcare Limited,SMITKLBECH,GSKCONS,29-JUL-2003
Global Offshore Services Limited,GARWOFFS,GLOBOFFS,07-JUN-2011
Glodyne Technoserve Limited,PARADYNE,GLODYNE,19-NOV-2007
Golden Tobacco Limited,GTCIND,GOLDENTOBC,29-SEP-2008
Goldkart Jewels Limited,SONAHISONA,GOLDKART,01-DEC-2023
Government of India,692MH2039,692GS2039,25-NOV-2024
Graphite India Limited,CARBEVFLOW,GRAPHITE,13-JAN-2003
Greaves Cotton Limited,GREAVES,GREAVESCOT,09-SEP-2004
Greenply Industries Limited,MITTALLAMI,GREENPLY,09-DEC-2004
Groww Mutual Fund - Groww Nifty EV & New Age Automotive ETF,GROWEV,GROWWEV,23-AUG-2024
Gujarat Apollo Industries Limited,GUJAPOLIND,GUJAPOLLO,06-JUL-2007
Gujarat Apollo Industries Limited,GUJAPOLEQP,GUJAPOLIND,04-JUN-2007
Gulf Oil Corporation Limited,IDLCHEM,GULFOILCOR,08-NOV-2007
HALEOS LABS LIMITED,SMSLIFE,HALEOSLABS,26-NOV-2025
HBL Engineering Limited,HBLPOWER,HBLENGINE,23-DEC-2024
HCL Infosystems Limited,HCL-HP,HCL-INSYS,12-APR-2000
HDFC BSE SENSEX ETF,HDFCSENETF,HDFCSENSEX,16-JUN-2023
HDFC Gold ETF,HDFCMFGETF,HDFCGOLD,16-JUN-2023
HDFC NIFTY 50 ETF,HDFCNIFETF,HDFCNIFTY,16-JUN-2023
HDFC NIFTY Bank ETF,HBANKETF,HDFCNIFBAN,16-JUN-2023
HIL Limited,HYDRBADIND,HIL,26-OCT-2012
HLV LIMITED,HOTELEELA,HLVLTD,08-JAN-2020
HSBC InvestDirect (India) Limited,INVSTSMART,HINVDIR,07-SEP-2009
HSIL Limited,HINDSANIT,HSIL,27-APR-2009
HSIL Limited,HSIL,AGI,11-MAY-2022
HandsOn Global Management (HGM) Limited,HOVS,HGM,03-SEP-2025
Heads UP Ventures Limited,TMRVL,HEADSUP,18-JUL-2022
Health X Platform Limited,SASTASUNDR,HEALTHX,30-APR-2026
HeidelbergCement India Limited,MYSORECEM,HEIDELBERG,15-MAY-2009
Hero MotoCorp Limited,HEROHONDA,HEROMOTOCO,08-AUG-2011
Himadri Speciality Chemical Limited,HCIL,HSCL,16-AUG-2016
Himadri Speciality Chemical Limited,HIMADCHEM,HCIL,02-MAR-2007
Hindalco Industries Limited,HINDALC0,HINDALCO,27-AUG-2007
Hinduja Foundries Limited,ENNOREFO,HINDUJAFO,24-MAR-2008
Hinduja Global Solutions Limited,HGSL,HGS,30-NOV-2011
Hinduja Global Solutions Limited,HTMTGLOBAL,HGSL,23-JAN-2009
Hinduja TMT Limited,HINDUJAFIN,HTMT,13-JAN-2003
Hindustan Construction Company Limited,HINDCONS,HCC,10-JUL-2006
Hindustan Unilever Limited,HINDLEVER,HINDUNILVR,19-JUL-2007
Hindware Home Innovation Limited,SHIL,HINDWAREAP,21-JUN-2022
Hitech Corporation Limited,HITECHPLAS,HITECHCORP,23-MAY-2017
Honda India Power Products Limited,SHRMHONDA,HONDAPOWER,04-APR-2006
Honeywell Automation India Limited,TATAHONEY,HONAUT,24-MAR-2005
Hubtown Limited,AKRUTI,ACKRUTI,30-JUN-2009
Hubtown Limited,ACKRUTI,HUBTOWN,15-NOV-2011
Huhtamaki India Limited,PAPERPROD,HUHTAMAKI,26-NOV-2020
ICICI PRUDENTIAL MUTUAL FUND - ICICI Prudential Nifty FMCG ETF,ICICIFMCG,FMCGIETF,20-DEC-2023
ICICI PRUDENTIAL MUTUAL FUND - ICICI Prudential Nifty Healthcare ETF,ICICIPHARM,HEALTHIETF,20-DEC-2023
ICICI PRUDENTIAL MUTUAL FUND - ICICI Prudential Nifty IT ETF,ICICITECH,ITIETF,20-DEC-2023
ICICI PRUDENTIAL MUTUAL FUND - ICICI Prudential Nifty Midcap 150 ETF,ICICIM150,MIDCAPIETF,20-DEC-2023
ICICI Pru Mutual Fund-ICICI Prudential Nifty 10 yr Benchmark G-Sec ETF,ICICI10GS,GSEC10IETF,20-DEC-2023
ICICI Prudential BSE 500 ETF,ICICI500,BSE500IETF,20-DEC-2023
ICICI Prudential BSE Liquid Rate ETF- IDCW,ICICILIQ,LIQUIDIETF,20-DEC-2023
ICICI Prudential Bank ETF Nifty Bank Index,IPRU5008,ICICIBANKN,19-JUL-2019
ICICI Prudential Gold ETF,IGOLD,GOLDIWIN,25-JUL-2016
ICICI Prudential Gold ETF,GOLDIWIN,ICICIGOLD,10-APR-2018
ICICI Prudential Gold ETF,IPGETF,IGOLD,05-MAY-2014
ICICI Prudential MF - ICICI Prudential IF S1 - DQDP,IPRU8112,IPRU8122,16-DEC-2013
ICICI Prudential MF - ICICI Prudential Nifty 200 Quality 30 ETF,ICICIQTY30,QUAL30IETF,20-DEC-2023
ICICI Prudential Midcap Select ETF,IMIDCAP,MIDCAPIWIN,25-JUL-2016
ICICI Prudential Midcap Select ETF,MIDCAPIWIN,ICICIMCAP,10-APR-2018
ICICI Prudential Mutual Fund -  ICICI Pru Nifty 200 Momentum 30 ETF,ICICIMOM30,MOM30IETF,20-DEC-2023
ICICI Prudential Mutual Fund - BHARAT 22 ETF,BHARATIWIN,ICICIB22,19-APR-2018
ICICI Prudential Mutual Fund - ICICI Pru Nifty Fin Ser Ex-Bank ETF,ICICIFIN,FINIETF,20-DEC-2023
ICICI Prudential Mutual Fund - ICICI Prudential  Nifty Auto ETF,ICICIAUTO,AUTOIETF,20-DEC-2023
ICICI Prudential Mutual Fund - ICICI Prudential Nifty Commodities ETF,ICICICOMMO,COMMOIETF,20-DEC-2023
ICICI Prudential Mutual Fund - ICICI Prudential Nifty Next 50 ETF,ICICINXT50,NEXT50IETF,20-DEC-2023
ICICI Prudential Mutual Fund - ICICI Prudential Nifty PSU Bank ETF,PSUBANKICI,PSUBNKIETF,20-DEC-2023
ICICI Prudential Mutual Fund - ICICI Prudential Silver ETF,ICICISILVE,SILVERIETF,20-DEC-2023
ICICI Prudential Mutual Fund-ICICI Prudential Nifty Infrastructure ETF,ICICIINFRA,INFRAIETF,20-DEC-2023
ICICI Prudential NV20 ETF,INV20,NV20IWIN,25-JUL-2016
ICICI Prudential NV20 ETF,NV20IWIN,ICICINV20,10-APR-2018
ICICI Prudential Nifty 100 ETF,ICNX100,NIF100IWIN,25-JUL-2016
ICICI Prudential Nifty 100 ETF,NIF100IWIN,ICICINF100,10-APR-2018
ICICI Prudential Nifty 100 ETF,ICCNX100,ICNX100,05-MAY-2014
ICICI Prudential Nifty 5 Yr Benchmark G-SEC ETF,ICICI5GSEC,GSEC5IETF,20-DEC-2023
ICICI Prudential Nifty Alpha Low Volatility 30 ETF,ICICIALPLV,ALPL30IETF,20-DEC-2023
ICICI Prudential Nifty ETF,INIFTY,NIFTYIWIN,25-JUL-2016
ICICI Prudential Nifty ETF,NIFTYIWIN,ICICINIFTY,10-APR-2018
ICICI Prudential Nifty ETF,NIFETF,INIFTY,05-MAY-2014
ICICI Prudential Nifty India Consumption ETF,ICICICONSU,CONSUMIETF,20-DEC-2023
ICICI Prudential Nifty Low Vol 30 ETF,LOWVOLIWIN,ICICILOVOL,10-APR-2018
ICICI Prudential Nifty Private Bank ETF - NIFTY PRIVATE BANK INDEX,ICICIBANKP,PVTBANIETF,20-DEC-2023
ICICI Prudential Sensex ETF,ISENSEX,SENSEXIWIN,25-JUL-2016
ICICI Prudential Sensex ETF,SPICE,ISENSEX,18-AUG-2014
ICICI Prudential Sensex ETF,SENSEXIWIN,ICICISENSX,10-APR-2018
IDFC First Bank Limited,IDFCBANK,IDFCFIRSTB,16-JAN-2019
IG Petrochemicals Limited,IGPETRO,IGPL,29-JAN-2007
IIFL Capital Services Limited,IIFLSEC,IIFLCAPS,03-DEC-2024
IIFL Finance Limited,INDIAINFO,IIFL,13-MAR-2014
IL&FS Engineering and Construction Company Limited,MAYTASINFR,IL&FSENGG,08-FEB-2011
IL&FS Transportation Networks Limited,ILFSTRANS,IL&FSTRANS,16-APR-2010
INCREDIBLE INDUSTRIES LIMITED,ADHUNIKIND,INCREDIBLE,20-MAY-2021
INEOS Styrolution India Limited,LANABS,INEABS,21-JUL-2008
INEOS Styrolution India Limited,INEABS,STYABS,20-JUN-2012
INEOS Styrolution India Limited,ABSIND,LANABS,14-JUN-2005
INEOS Styrolution India Limited,STYABS,INEOSSTYRO,04-APR-2016
ING Vysya Bank Limited,VYSYABANK,INGVYSYABK,16-AUG-2005
IOL Netcom Limited,IOLB,IOLN,18-FEB-2008
ITD Cementation India Limited,TRAFALHSE,ITDCEM,16-AUG-2005
IVRCL Assets & Holdings Limited,IVRPRIME,IVRCLAH,13-APR-2010
IZMO Limited,LOGIXMICRO,IZMO,15-MAY-2015
Igarashi Motors India Limited,CGIGARSH,IGARASHI,21-APR-2005
Imagicaaworld Entertainment Limited,ADLABS,IMAGICAA,22-APR-2020
Indbank Merchant Banking Services Limited,INDBANKMER,INDBANK,08-OCT-2008
India Infoline Finance Limited,IIISL,IIFLFIN,27-AUG-2012
Indiabulls Commercial Credit Limited,955ICCL26,955SFIL26,26-DEC-2025
Indiabulls Commercial Credit Limited,955SFIL26,955SFIL26,26-DEC-2025
Indiabulls Commercial Credit Limited,980ICCL29,980SFIL29,26-DEC-2025
Indiabulls Commercial Credit Limited,980SFIL29,980SFIL29,26-DEC-2025
Indiabulls Limited,YAARI,IBULLSLTD,10-NOV-2025
Indo Count Industries Limited,INDOCOUNT,ICIL,12-SEP-2005
Indosolar Limited,INDOSOLAR,WAAREEINDO,17-JUN-2025
Indus Infra Trust,BHINVIT,INDUSINVIT,23-JAN-2025
Indus Towers Limited,INFRATEL,INDUSTOWER,18-DEC-2020
Infomedia India Limited,TATAPRESS,TATAINFO,17-SEP-2003
Infosys Limited,INFOSYSTCH,INFY,29-JUN-2011
Insecticides (India) Limited,IILTD,INSECTICID,11-MAY-2009
Inspirisys Solutions Limited,AFL,INSPIRISYS,12-OCT-2018
Interise Trust,INDINFR,INTERISE,12-NOV-2024
Interise Trust,INTERISE,INTERISE,12-NOV-2024
Invesco India Gold Exchange Traded Fund,RELIGAREGO,IVZINGOLD,23-JUN-2016
Invesco India Nifty Exchange Traded Fund,RELGRNIFTY,IVZINNIFTY,23-JUN-2016
Invesco MF – Invesco India AIF - Sr 1 - Pl B - DS-P-GO,RIMFAI1BDG,IVZINA1BDG,23-JUN-2016
Invesco MF – Invesco India AIF - Sr 1 - Pl B - RS-P-GO,RIMFAI1BRG,IVZINA1BRG,23-JUN-2016
JBM Auto Limited,JBMAUTOCOM,JBMA,04-JAN-2006
JD Orgochem Limited,JAYSYNTDYE,JDORGO,13-SEP-2004
JSW Dulux Limited,AKZOINDIA,JSWDULUX,15-APR-2026
JSW Holdings Limited,JINDALSWHL,JSWHL,30-JUL-2013
JSW ISPAT Steel Limited,ISPATIND,JSWISPAT,16-AUG-2011
JSW Ispat Special Products Limited,AIONJSW,JSWISPL,12-OCT-2020
JSW Steel Limited,JSWSTL,JSWSTEEL,16-SEP-2005
JTL INDUSTRIES LIMITED,JTLINFRA,JTLIND,21-NOV-2022
Jai Balaji Industries Limited,BALASPONGE,JAIBALAJI,10-AUG-2007
Jaiprakash Power Ventures Limited,JPHYDRO,JPPOWER,08-JAN-2010
Jayaswal Neco Industries Limited,NAGPURENG,JAYNECOIND,22-FEB-2008
Jindal Saw Limited,SAWPIPES,JINDALSAW,18-FEB-2005
Jindal Stainless Limited,JSTAINLESS,JSL,23-OCT-2008
Johnson Controls - Hitachi Air Conditioning India Limited,HITACHIHOM,JCHAC,12-SEP-2016
Johnson Controls - Hitachi Air Conditioning India Limited,AMTREXAPPL,HITACHIHOM,04-APR-2006
Jtekt India Limited,SONASTEER,JTEKTINDIA,23-APR-2018
Jubilant Agri and Consumer Products Limited,JACPL,JUBLCPL,03-JUL-2025
Jubilant Pharmova Limited,VAMORGANIC,JUBILANT,30-SEP-2003
Jubilant Pharmova Limited,JUBILANT,JUBLPHARMA,12-FEB-2021
Jupiter Wagons Limited,CEBBCO,JWL,20-JUN-2022
KBC Global Limited,KARDA,KBCGLOBAL,16-DEC-2021
KPI Green Energy Limited,KPIGLOBAL,KPIGREEN,27-APR-2022
KSS Limited,KSERAPRO,KSERASERA,07-MAR-2011
Kalpataru Projects International Limited,KALPATPOWR,KPIL,06-JUN-2023
Kalyani Steels Limited,KALYANISTL,KALSTEELS,21-OCT-2008
Kamdhenu Limited,KIL,KAMDHENU,18-MAR-2016
Kansai Nerolac Paints Limited,GOODLASNER,KANSAINER,26-JUL-2006
Karuturi Global Limited,KNL,KGL,20-NOV-2008
Kavveri Defence & Wireless Technologies Limited,KAVVERITEL,KAVDEFENCE,23-JUN-2025
Kennametal India Limited,WIDIA,KENNAMET,19-AUG-2019
Kesar Enterprises Limited,KESARENTER,KESARENT,02-JAN-2007
Keynote Financial Services Limited,KEYCORPSER,KEYFINSERV,03-MAY-2019
Kinetic Motor Company Limited,KINHONDA,KINETICMOT,20-SEP-2004
Kingfisher Airlines Limited,AIRDECCAN,KFA,06-OCT-2008
Kiri Industries Limited,KIRIDYES,KIRIINDUS,28-MAR-2011
Kirloskar Electric Company Limited,KIRELECTRI,KECL,09-MAR-2010
Kohinoor Foods Limited,SATNAMOVER,KOHINOOR,18-AUG-2006
Kokuyo Camlin Limited,CAMLIN,KOKUYOCMLN,14-FEB-2012
Kotak Mahindra Bank Limited,KOTAKMAH,KOTAKBANK,21-APR-2003
Kotak Mahindra MF - Kotak NV 20 ETF - DPO,KTKNV20ETF,KOTAKNV20,21-DEC-2015
Kotak Mahindra Mutual Fund - Kotak Nifty 1D Rate Liquid ETF,KOTAKLIQ,LIQUID1,20-MAR-2024
Kotak Mahindra Mutual Fund - Kotak Nifty Alpha 50 ETF,KOTAKALPHA,ALPHA,20-MAR-2024
Kotak Mahindra Mutual Fund - Kotak Nifty MNC ETF,KOTAKMNC,MNC,20-MAR-2024
Kotak Mahindra Mutual Fund - Kotak Nifty200 Quality 30 ETF,QUALITY30,QUALITY30,21-JUL-2025
Kotak Mahindra Mutual Fund - Kotak Nifty200 Quality 30 ETF,QUALITY,QUALITY30,18-JUL-2025
Kotak Mahindra Mutual Fund - Kotak Silver ETF,KOTAKSILVE,SILVER1,16-APR-2024
Kotak Mutual Fund - Gold Exchange Traded Fund,KOTAKGOLD,GOLD1,16-APR-2024
Kotak Nifty 100 Low Volatility 30 ETF,KOTAKLOVOL,LOWVOL1,20-MAR-2024
Kotak Nifty 50 ETF,KOTAKNIFTY,NIFTY1,20-MAR-2024
Kotak Nifty Bank ETF,KOTAKBKETF,BANKNIFTY1,20-MAR-2024
Kotak Nifty IT ETF,KOTAKIT,IT,20-MAR-2024
Kotak Nifty India Consumption ETF,KOTAKCONS,CONS,20-MAR-2024
Kotak Nifty Midcap 50 ETF,KOTAKMID50,MIDCAP,20-MAR-2024
Kotak Nifty PSU Bank ETF,KOTAKPSUBK,PSUBANK,20-MAR-2024
Ksb Limited,KSBPUMPS,KSB,23-OCT-2018
Kundan Minerals and Metals Limited,EASTSUGIND,KUNDANMM,09-OCT-2024
L&T Finance Limited,L&TFH,LTF,23-APR-2024
L&T Fixed Maturity Plan Series - VI Plan F,FIFMPS6FG,LTFMPS6FG,14-JAN-2013
L&T Fixed Maturity Plane Series - VI Plan E,FIFMPS6EG,LTFMPS6EG,14-JAN-2013
L&T Fixed Maturiy Plan Series - VI Plan F,FIFMPS6ED,LTFMPS6ED,14-JAN-2013
LEEL Electricals Limited,LLOYDELENG,LEEL,19-JUN-2017
LIC MF - LIC MF EXCHANGE TRADED FUND - NIFTY 50,LICNFENGP,LICNETFN50,30-DEC-2015
LIC MF - LIC MF G-sec LT ETF - GO,LICNMFET,LICNETFGSC,30-DEC-2015
LIC MF Gold EXCHANGE TRADED FUND,IDBIGOLD,LICMFGOLD,31-JUL-2023
LIC Mutual Fund - LIC MF EXCHANGE TRADED FUND - SENSEX,LICNFESGP,LICNETFSEN,30-DEC-2015
LLOYDS ENGINEERING WORKS LIMITED,LSIL,LLOYDSENGG,16-OCT-2023
LMW Limited,LAXMIMACH,LMW,10-OCT-2024
LT Foods Limited,DAAWAT,LTFOODS,06-NOV-2023
LTIMindtree Limited,LTI,LTIM,05-DEC-2022
LTM Limited,LTIM,LTM,27-FEB-2026
Landsmill Green Limited,EXCEL,LANDSMILL,02-APR-2026
Linc Limited,LINCPEN,LINC,20-DEC-2021
Linde India Limited,IOL,BOC,10-MAR-2005
Linde India Limited,BOC,LINDEINDIA,10-APR-2013
Lotte India Corporation Limited,PARRYSCON,LOTTEINDIA,17-DEC-2004
MIRAE ASSET MUTUAL FUND - Mirae Asset Nifty 100 ESG Sector Leaders ETF,MAESGETF,ESG,01-SEP-2023
MM Forgings Limited,MMFORGINGS,MMFL,20-DEC-2006
MODISON LIMITED,MODISNME,MODISONLTD,16-AUG-2022
MPS Limited,MACMILLAN,MPSLTD,11-SEP-2009
Maan Aluminium Limited,MANALU,MAANALU,16-MAR-2011
Madura Coats Limited,COATVIYELA,MADURACOAT,29-NOV-2002
Mahindra CIE Automotive Limited,MAHINDFORG,MAHINDCIE,17-DEC-2013
Mahindra Lifespace Developers Limited,GESCOCORP,MAHLIFE,23-NOV-2007
Man Industries (India) Limited,MANALUMN,MANINDS,24-JUN-2005
Marico Limited,MARICOIND,MARICO,14-JUN-2005
Marksans Pharma Limited,TASCPHARMA,MARKSANS,14-NOV-2005
Max Financial Services Limited,MAX,MFSL,26-FEB-2016
Mercator Limited,MLL,MERCATOR,08-DEC-2011
Metalyst Forgings Limited,AHMEDFORGE,METALFORGE,01-JUN-2015
Metkore Alloys & Industries Limited,GMRFER,CRONIMET,02-JUN-2010
Metkore Alloys & Industries Limited,CRONIMET,METKORE,02-APR-2012
Micro Inks Limited,HINDINKS,MICRO,26-MAR-2004
Mirae Asset Mutual Fund - MIRAE ASSET NIFTY NEXT 50 ETF (MANXT50) - Mi,MANXT50,NEXT50,01-SEP-2023
Mirae Asset Mutual Fund - Mirae Asset Gold ETF,MAGOLDETF,GOLDETF,01-SEP-2023
Mirae Asset Mutual Fund - Mirae Asset Nifty 100 Low Volatility 30 ETF,MANV30F,LOWVOL,01-SEP-2023
Mirae Asset Mutual Fund - Mirae Asset Nifty 50 ETF,MAN50ETF,NIFTYETF,01-SEP-2023
Mirae Asset Mutual Fund - Mirae Asset Nifty 8-13 yr G-Sec ETF,MAGS813ETF,GSEC10YEAR,01-SEP-2023
Mirae Asset Mutual Fund - Mirae Asset Nifty Financial Services ETF,MAFSETF,BFSI,01-SEP-2023
Mirae Asset Mutual Fund - Mirae Asset Nifty India Manufacturing ETF,MAMFGETF,MAKEINDIA,01-SEP-2023
Mirae Asset Mutual Fund - Mirae Asset Nifty Midcap 150 ETF,MAM150ETF,MIDCAPETF,01-SEP-2023
Mirae Asset Mutual Fund - Mirae Asset Silver ETF,SILVRETF,SILVERAG,15-SEP-2025
Mirae Asset Mutual Fund - Mirae Asset Silver ETF,MASILVER,SILVRETF,01-SEP-2023
Mirza International Limited,MIRZATAN,MIRZAINT,05-JUL-2006
Mohota Industries Limited,MOHOTAMILL,MOHOTAIND,26-DEC-2017
Mohota Industries Limited,RAIREKMOH,MOHOTAMILL,01-AUG-2017
Motilal Oswal Mutual Fund - Motilal Oswal 5 Year G Sec ETF - Growth,G5,MOGSEC,16-JUN-2021
Motilal Oswal Mutual Fund - Motilal Oswal MOSt Shares M100 ETF GO,M100,MOM100,16-JUN-2021
Motilal Oswal Mutual Fund - Motilal Oswal MOSt Shares M50 ETF,M50,MOM50,16-JUN-2021
Motilal Oswal Mutual Fund-Motilal Oswal MOSt Shares NASDAQ 100 ETF -GO,N100,MON100,16-JUN-2021
MphasiS Limited,MPHASISBFL,MPHASIS,26-DEC-2006
MphasiS Limited,BFLSOFTWAR,MPHASISBFL,15-JUN-2004
NACL Industries Limited,NAGAAGRI,NACLIND,29-SEP-2017
NAVA LIMITED,NAVBARFERO,NBVENTURES,31-JUL-2006
NAVA LIMITED,NBVENTURES,NAVA,29-JUL-2022
NCC Limited,NAGARCONST,NCC,15-MAR-2011
NDL Ventures Limited,NXTDIGITAL,NDLVENTURE,09-MAY-2023
NIPPON INDIA ETF CONSUMPTION,RELCONS,NETFCONSUM,30-OCT-2019
NIPPON INDIA ETF CONSUMPTION,NETFCONSUM,CONSUMBEES,10-MAY-2022
NIPPON INDIA ETF LONG TERM GILT,RRSLGETF,NETFLTGILT,08-JUL-2016
NIPPON INDIA ETF NIFTY 100,RELCNX100,NETFNIF100,30-OCT-2019
NIPPON INDIA ETF NIFTY 100,NETFNIF100,NIF100BEES,10-MAY-2022
NIPPON INDIA ETF NIFTY MIDCAP 150,RETFMID150,NETFMID150,30-OCT-2019
NIPPON INDIA ETF NIFTY MIDCAP 150,NETFMID150,MID150BEES,10-MAY-2022
NIPPON INDIA ETF NV20,RELNV20,NETFNV20,22-JUN-2015
NIPPON INDIA ETF NV20,NETFNV20,NV20BEES,10-MAY-2022
NIPPON INDIA MF - NIPPON INDIA Dual Adv FTF Sr III Pl A - DP-GO,RDAIIIADG,NDAIIIADG,30-OCT-2019
NIPPON INDIA MF - NIPPON INDIA Dual Adv FTF Sr III Pl A - DPO,RDAIIIARD,NDAIIIARD,30-OCT-2019
NIPPON INDIA MF - NIPPON INDIA Dual Adv FTF Sr III Pl A - GO,RDAIIIARG,NDAIIIARG,30-OCT-2019
NIPPON INDIA MF - NIPPON INDIA Dual Adv FTF Sr IX Pl D - DP-DPO,RDAIXDDD,NDAIXDDD,30-OCT-2019
NIPPON INDIA MF - NIPPON INDIA Dual Adv FTF Sr IX Pl D - DP-GO,RDAIXDDG,NDAIXDDG,30-OCT-2019
NIPPON INDIA MF - NIPPON INDIA Dual Adv FTF Sr IX Pl D - DPO,RDAIXDD,NDAIXDD,30-OCT-2019
NIPPON INDIA MF - NIPPON INDIA Dual Adv FTF Sr IX Pl D - GO,RDAIXDG,NDAIXDG,30-OCT-2019
NIPPON INDIA MF - NIPPON INDIA Dual Adv FTF Sr IX Pl E - DP-DPO,RDAIXEDDD,NDAIXEDDD,30-OCT-2019
NIPPON INDIA MF - NIPPON INDIA Dual Adv FTF Sr IX Pl E - DP-GO,RDAIXEDDG,NDAIXEDDG,30-OCT-2019
NIPPON INDIA MF - NIPPON INDIA Dual Adv FTF Sr IX Pl E - DPO,RDAIXEDD,NDAIXEDD,30-OCT-2019
NIPPON INDIA MF - NIPPON INDIA Dual Adv FTF Sr IX Pl E - GO,RDAIXEDG,NDAIXEDG,30-OCT-2019
NIPPON INDIA MF - NIPPON INDIA Dual Adv FTF Sr IX Pl F - DP-DPO,RDAIXFDDD,NDAIXFDDD,30-OCT-2019
NIPPON INDIA MF - NIPPON INDIA Dual Adv FTF Sr IX Pl F - DP-GO,RDAIXFDDG,NDAIXFDDG,30-OCT-2019
NIPPON INDIA MF - NIPPON INDIA Dual Adv FTF Sr IX Pl F - DPO,RDAIXFDD,NDAIXFDD,30-OCT-2019
NIPPON INDIA MF - NIPPON INDIA Dual Adv FTF Sr IX Pl F - GO,RDAIXFDG,NDAIXFDG,30-OCT-2019
NIPPON INDIA MF - NIPPON INDIA Dual Adv FTF Sr VII Pl C - DP-GO,RDAVIIPCDG,NDAVIIPCDG,30-OCT-2019
NIPPON INDIA MF - NIPPON INDIA Dual Adv FTF Sr VII Pl D - DP-DPO,RDAVIIPDDD,NDAVIIPDDD,30-OCT-2019
NIPPON INDIA MF - NIPPON INDIA Dual Adv FTF Sr VII Pl D - DP-GO,RDAVIIPDDG,NDAVIIPDDG,30-OCT-2019
NIPPON INDIA MF - NIPPON INDIA Dual Adv FTF Sr VII Pl D - DPO,RDAVIIPDD,NDAVIIPDD,30-OCT-2019
NIPPON INDIA MF - NIPPON INDIA Dual Adv FTF Sr VII Pl D - O,RDAVIIPDG,NDAVIIPDG,30-OCT-2019
NIPPON INDIA MF - NIPPON INDIA Dual Adv FTF Sr VIII Pl C - DP-DPO,RDAFVIIICX,NDAFVIIICX,30-OCT-2019
NIPPON INDIA MF - NIPPON INDIA Dual Adv FTF Sr VIII Pl C - DPO,RDAFVIIICD,NDAFVIIICD,30-OCT-2019
NIPPON INDIA MF - NIPPON INDIA Dual Adv FTF Sr X Pl A - DP-DPO,RDAXADDD,NDAXADDD,30-OCT-2019
NIPPON INDIA MF - NIPPON INDIA Dual Adv FTF Sr X Pl A - DP-GO,RDAXADDG,NDAXADDG,30-OCT-2019
NIPPON INDIA MF - NIPPON INDIA Dual Adv FTF Sr X Pl A - DPO,RDAXADD,NDAXADD,30-OCT-2019
NIPPON INDIA MF - NIPPON INDIA Dual Adv FTF Sr X Pl A - GO,RDAXADG,NDAXADG,30-OCT-2019
NIPPON INDIA MF - NIPPON INDIA Dual Adv FTF Sr X Pl D - DP-DPO,RDAXDDDD,NDAXDDDD,30-OCT-2019
NIPPON INDIA MF - NIPPON INDIA Dual Adv FTF Sr X Pl D - DP-GO,RDAXDDDG,NDAXDDDG,30-OCT-2019
NIPPON INDIA MF - NIPPON INDIA Dual Adv FTF Sr X Pl D - DPO,RDAXDDD,NDAXDDD,30-OCT-2019
NIPPON INDIA MF - NIPPON INDIA Dual Adv FTF Sr X Pl D - GO,RDAXDDG,NDAXDDG,30-OCT-2019
NIPPON INDIA MF - NIPPON INDIA Dual Adv FTF V - Pl C - DP-GO ,RDAFTVCDG,NDAFTVCDG,30-OCT-2019
NIPPON INDIA MF - NIPPON INDIA Dual Adv FTF V - Pl C - DPO,RDAFTFVCD,NDAFTFVCD,30-OCT-2019
NIPPON INDIA MF - NIPPON INDIA Dual Adv FTF V - Pl C - GO,RDAFTFVCG,NDAFTFVCG,30-OCT-2019
NIPPON INDIA MF - NIPPON INDIA Dual Advantage FTF XI Plan C - DP - DPO,RDAXICDDD,NDAXICDDD,30-OCT-2019
NIPPON INDIA MF - NIPPON INDIA Dual Advantage FTF XI Plan C - DP - GO,RDAXICDDG,NDAXICDDG,30-OCT-2019
NIPPON INDIA MF - NIPPON INDIA Dual Advantage FTF XI Plan C - DPO,RDAXICDD,NDAXICDD,30-OCT-2019
NIPPON INDIA MF - NIPPON INDIA Dual Advantage FTF XI Plan C - GO,RDAXICDG,NDAXICDG,30-OCT-2019
NIPPON INDIA MF - NIPPON INDIA IF - AIF S-I - IDR,RMFINAIDR1,NMFINAIDR1,30-OCT-2019
NIPPON INDIA MF - NIPPON INDIA Intr Fund - QIF SR I-DIV,RMFINQADP1,NMFINQADP1,30-OCT-2019
NIPPON INDIA MF - NIPPON INDIA Intr Fund - QIF SR I-GRW,RMFINQRAG1,NMFINQRAG1,30-OCT-2019
NIPPON INDIA MF - Nippon India DA Fixed Tenure Fund   Sr x Plan B - GO,RDAXBDG,NDAXBDG,30-OCT-2019
NIPPON INDIA MF- Nippon India DA Fixed Tenure Fund Sr x Plan B - DPO,RDAXBDD,NDAXBDD,30-OCT-2019
NIPPON INDIA MF- Nippon India DA Fixed Tenure Fund Sr x Plan B-DP-DPO,RDAXBDDD,NDAXBDDD,30-OCT-2019
NIPPON INDIA MF-Nippon India  Dual Adv. Fix. Ten. Fund Sr.x Plan C-GO,RDAXCDG,NDAXCDG,30-OCT-2019
NIPPON INDIA MF-Nippon India  Dual Adv. Fix.Ten. Fund Sr.x Plan C-DPO,RDAXCDD,NDAXCDD,30-OCT-2019
NIPPON INDIA MF-Nippon India DA Fixed Tenure Fund Sr x Plan B -DP - GO,RDAXBDDG,NDAXBDDG,30-OCT-2019
NIPPON INDIA MF-Nippon India Dual Adv.FixTen. Fund Sr.x Plan C-DP-GO,RDAXCDDG,NDAXCDDG,30-OCT-2019
NIPPON INDIA MF-Nippon India DualAdv. Fix.Ten. Fund Sr.x Plan C-DP-DPO,RDAXCDDD,NDAXCDDD,30-OCT-2019
NIPPON INDIA MUTUAL FUND  - NIPPON INDIA DA-FTF IV-P-C-D,RDAFTFIVCD,NDAFTFIVCD,30-OCT-2019
NIPPON INDIA MUTUAL FUND  - NIPPON INDIA DA-FTF IV-P-C-DD,RDAFTIVCDD,NDAFTIVCDD,30-OCT-2019
NIPPON INDIA MUTUAL FUND  - NIPPON INDIA DA-FTF IV-P-C-DG,RDAFTIVCDG,NDAFTIVCDG,30-OCT-2019
NIPPON INDIA MUTUAL FUND  - NIPPON INDIA DA-FTF IV-P-C-G,RDAFTFIVCG,NDAFTFIVCG,30-OCT-2019
NIPPON INDIA MUTUAL FUND  - NIPPON INDIA DAFTF II - P - G - DP,RDAFTIIPGD,NDAFTIIPGD,30-OCT-2019
NIPPON INDIA MUTUAL FUND  - NIPPON INDIA DAFTF II - P - G - Growth,RDAFTIIPGG,NDAFTIIPGG,30-OCT-2019
NIPPON INDIA MUTUAL FUND  - NIPPON INDIA Dual Ad FTF XI Plan A - GO,RDAXIADG,NDAXIADG,30-OCT-2019
NIPPON INDIA MUTUAL FUND  - NIPPON INDIA Dual Ad FTF XI Plan D-DPDPO,RDAXIDDDD,NDAXIDDDD,30-OCT-2019
NIPPON INDIA MUTUAL FUND  - NIPPON INDIA Dual Ad FTF XI Plan D-DPGO,RDAXIDDDG,NDAXIDDDG,30-OCT-2019
NIPPON INDIA MUTUAL FUND  - NIPPON INDIA Dual Ad FTF XI Plan D-GO,RDAXIDDG,NDAXIDDG,30-OCT-2019
NIPPON INDIA MUTUAL FUND  - NIPPON INDIA Dual Ad FTF XII Plan A-DPDPO,RDAXIIADDD,NDAXIIADDD,30-OCT-2019
NIPPON INDIA MUTUAL FUND - NIPPON INDIA Dual Ad FTF V- Plan H - DPDPO,RDAFDVHDR,NDAFDVHDR,30-OCT-2019
NIPPON INDIA MUTUAL FUND - NIPPON INDIA Dual Ad FTF V- Plan H - DPGO,RDAFDVHGR,NDAFDVHGR,30-OCT-2019
NIPPON INDIA MUTUAL FUND - NIPPON INDIA Dual Ad FTF V- Plan H - DPO,RDAFTVHDR,NDAFTVHDR,30-OCT-2019
NIPPON INDIA MUTUAL FUND - NIPPON INDIA Dual Ad FTF V- Plan H - GO,RDAFTVHGR,NDAFTVHGR,30-OCT-2019
NIPPON INDIA MUTUAL FUND - NIPPON INDIA Dual Ad FTF XI Plan A - DPDPO,RDAXIADDD,NDAXIADDD,30-OCT-2019
NIPPON INDIA MUTUAL FUND - NIPPON INDIA Dual Ad FTF XI Plan A - DPGO,RDAXIADDG,NDAXIADDG,30-OCT-2019
NIPPON INDIA MUTUAL FUND - NIPPON INDIA Dual Ad FTF XI Plan A - DPO,RDAXIADD,NDAXIADD,30-OCT-2019
NIPPON INDIA MUTUAL FUND - NIPPON INDIA Dual Ad Fixed Tenure Fund Seri,RDAXFDDD,NDAXFDDD,30-OCT-2019
NIPPON INDIA MUTUAL FUND -NIPPON INDIA Dual Ad Fixed Tenure Fund  Seri,RDAXFDD,NDAXFDD,30-OCT-2019
NIPPON INDIA MUTUAL FUND -NIPPON INDIA Dual Ad Fixed Tenure Fund XI (P,RDAXIEDG,NDAXIEDG,30-OCT-2019
NIPPON INDIA MUTUAL FUND- NIPPON INDIA Dual Ad FTF XI Plan D-DPO,RDAXIDDD,NDAXIDDD,30-OCT-2019
NIPPON INDIA MUTUAL FUND- NIPPON INDIA Dual Ad FTF XI Sr XI Plan B-DPO,RDAXIBDD,NDAXIBDD,30-OCT-2019
NIPPON INDIA MUTUAL FUND- NIPPON INDIA Dual Ad FTF XI SrXI Plan B-DPGO,RDAXIBDDG,NDAXIBDDG,30-OCT-2019
NIPPON INDIA MUTUAL FUND- NIPPON INDIA Dual Ad FTF XII Plan A-DPGO,RDAXIIADDG,NDAXIIADDG,30-OCT-2019
NIPPON INDIA MUTUAL FUND- NIPPON INDIA Dual Ad FTF XII Plan A-DPO,RDAXIIADD,NDAXIIADD,30-OCT-2019
NIPPON INDIA MUTUAL FUND- NIPPON INDIA Dual Ad FTF XII Plan A-GO,RDAXIIADG,NDAXIIADG,30-OCT-2019
NIPPON INDIA MUTUAL FUND- NIPPON INDIA Dual Ad Fixed Tenure Fund  Seri,RDAXFDDG,NDAXFDDG,30-OCT-2019
NIPPON INDIA MUTUAL FUND- NIPPON INDIA Dual Ad Fixed Tenure Fund  Seri,RDAXFDG,NDAXFDG,30-OCT-2019
NIPPON INDIA MUTUAL FUND- NIPPON INDIA Dual Ad Fixed Tenure Fund V- Pl,RDAFVGDD,NDAFVGDD,30-OCT-2019
NIPPON INDIA MUTUAL FUND- NIPPON INDIA Dual Ad Fixed Tenure Fund V- Pl,RDAFVGDG,NDAFVGDG,30-OCT-2019
NIPPON INDIA MUTUAL FUND- NIPPON INDIA Dual Ad Fixed Tenure Fund V- Pl,RDAFVGDO,NDAFVGDO,30-OCT-2019
NIPPON INDIA MUTUAL FUND- NIPPON INDIA Dual Ad Fixed Tenure Fund V- Pl,RDAFVGGO,NDAFVGGO,30-OCT-2019
NIPPON INDIA MUTUAL FUND- NIPPON INDIA Dual Ad Fixed Tenure Fund XI (P,RDAXIEDD,NDAXIEDD,30-OCT-2019
NIPPON INDIA MUTUAL FUND- NIPPON INDIA Dual Ad Fixed Tenure Fund XI (P,RDAXIEDDD,NDAXIEDDD,30-OCT-2019
NIPPON INDIA MUTUAL FUND- NIPPON INDIA Dual Ad Fixed Tenure Fund XI (P,RDAXIEDDG,NDAXIEDDG,30-OCT-2019
NIPPON INDIA MUTUAL FUND- NIPPON INDIA Int.Fund-QIF-SI-IP-DP-DPO,RMFINQIDP1,NMFINQIDP1,30-OCT-2019
NIPPON INDIA MUTUAL FUND-NIPPON INDIA Dual Ad FTF XI Sr XI Plan B - GO,RDAXIBDG,NDAXIBDG,30-OCT-2019
NIPPON INDIA MUTUAL FUND-NIPPON INDIA Dual Ad FTF XI SrXI Plan B-DPDPO,RDAXIBDDD,NDAXIBDDD,30-OCT-2019
NIPPON INDIA MUTUAL FUND-NIPPON INDIA Int. Fund-AIF-SI - RP- DP - RO,RMFINARDR1,NMFINARDR1,30-OCT-2019
NIPPON INDIA MUTUAL FUND-NIPPON INDIA Int. Fund-QIF-SI-RP-DP-DPO,RMFINQRDP1,NMFINQRDP1,30-OCT-2019
NLC India Limited,NEYVELILIG,NLCINDIA,04-AUG-2016
NXTDIGITAL LIMITED,HINDUJATMT,HINDUJAVEN,29-NOV-2007
NXTDIGITAL LIMITED,HINDUJAVEN,NXTDIGITAL,11-NOV-2019
Nagreeka Exports Limited,NAGREKAEXP,NAGREEKA,22-DEC-2005
Nahar Poly Films Limited,NAHARINVST,NAHARPOLY,15-JUN-2011
Nahar Poly Films Limited,NAHAREXPOT,NAHARINVST,01-NOV-2007
Nalwa Sons Investments Limited,JSTRIPS,NSIL,07-JUN-2005
Nandan Denim Limited,NANDANEXIM,NDL,21-NOV-2013
Nandani Creation Limited,NANDANI,JAIPURKURT,06-AUG-2021
Nashik Municipal Corporation,0503260317,805NMC29,09-MAR-2026
Nashik Municipal Corporation,805NMC29,805NMC29,09-MAR-2026
Navneet Education Limited,NAVNETPUBL,NAVNETEDUL,19-SEP-2013
Net 4 India Limited,NET4INDIA,NET4,28-FEB-2011
Netvista Information Technology Limited,KRAFTIND,NETVISTAIT,09-AUG-2000
Neueon Corporation Limited,NTL,NEUEON,22-DEC-2025
Neueon Towers Limited,SUJANATWR,NTL,17-FEB-2017
Next Mediaworks Limited,MID-DAY,NEXTMEDIA,15-JUN-2011
Nido Home Finance Limited,EHFLNCD,NIDO,18-JUL-2023
Nilkamal Limited,NILKAMPLST,NILKAMAL,05-JAN-2007
Nippon India Mutual Fund - ETF Nifty SDL - 2026 Maturity,NETFSDL26,SDL26BEES,10-MAY-2022
Nippon India Mutual Fund - Nippon India ETF 5 Year Gilt,NETFGILT5Y,GILT5YBEES,10-MAY-2022
Nippon India Mutual Fund - Nippon India Nifty Auto ETF,NETFAUTO,AUTOBEES,10-MAY-2022
Nippon India Mutual Fund - Nippon India Nifty Pharma ETF,NETFPHARMA,PHARMABEES,10-MAY-2022
Nippon India Mutual Fund - Nippon India Silver ETF,NETFSILVER,SILVERBEES,10-MAY-2022
Nippon India Mutual Fund-Nippon India ETF Nifty CPSE Bond Plus SDL-24,NCPSESDL24,SDL24BEES,10-MAY-2022
Nippon Life India Asset Management Limited,RNAM,NAM-INDIA,23-JAN-2020
Nippon Life India Asset Management Limited,NETFIT,ITBEES,10-MAY-2022
Noesis Industries Limited,MEDIA,MVLIND,20-FEB-2009
Noesis Industries Limited,MVLIND,NOESISIND,04-JUN-2014
NuCent Finance Limited,PRESSMAN,NUCENTFIN,20-AUG-2001
OCL India Limited,ORISSACEM,OCL,15-SEP-2004
OM INFRA LIMITED,OMMETALS,OMINFRAL,10-FEB-2021
ORIENT CERATECH LIMITED,ORIENTABRA,ORIENTCER,31-JUL-2023
ORTIN GLOBAL LIMITED,ORTINLAB,ORTINGLOBE,03-SEP-2024
Oberoi Realty Limited,OBEROIREAL,OBEROIRLTY,10-DEC-2010
Olectra Greentech Limited,GOLDTELE,GOLDINFRA,29-FEB-2008
Olectra Greentech Limited,GOLDINFRA,OLECTRA,26-JUL-2018
Oracle Financial Services Software Limited,I-FLEX,OFSS,18-SEP-2008
Orchid Pharma Limited,ORCHIDCHEM,ORCHIDPHAR,21-DEC-2015
Orient Bell Limited,ORIENTCERA,ORIENTBELL,17-APR-2012
Oriental Trimex Limited,OTL,ORIENTALTL,17-DEC-2009
Oswal Greentech Limited,BINDALAGRO,OSWALGREEN,19-MAY-2023
PAE Limited,PREMAUTOEL,PAEL,23-NOV-2005
PARAMPARA DAIRY DELIGHTS LIMITED,AMJUMBO,PARAMPARA,23-JAN-2026
PGIM India Dual Advantage Fund - Series 1 - DPG,DPRMDAD1,PGIMDAD1G,22-AUG-2019
PGIM India Dual Advantage Fund - Series 1 - DPQDPO,DPRMDAD3,PGIMDAD3D,22-AUG-2019
PGIM India Dual Advantage Fund - Series 1 - DPRDPO,DPRMDAD2,PGIMDAD2D,22-AUG-2019
PGIM India Dual Advantage Fund - Series 1 - RPADPO,DPRMDAAD,PGIMDAADD,22-AUG-2019
PGIM India Dual Advantage Fund - Series 1 - RPG,DPRMDAGP,PGIMDAGPG,22-AUG-2019
PGIM India Dual Advantage Fund - Series 1 - RPQDPO,DPRMDAQD,PGIMDAQDD,22-AUG-2019
PGIM India Dual Advantage Fund - Series 1 - RPRDPO,DPRMDADP,PGIMDADPD,22-AUG-2019
PGIM India Fixed Duration Fund - Series 31 - DPG,PRM1SD1,PGIM1SD1G,22-AUG-2019
PGIM India Fixed Duration Fund - Series 31 - RPDPO,PRM1SDP,PGIM1SDPD,22-AUG-2019
PGIM India Fixed Duration Fund - Series 31 - RPG,PRM1SGP,PGIM1SGPG,22-AUG-2019
PGIM India Fixed Duration Fund - Series AA - DPG,DPRMAAD1,PGIMAAD1G,22-AUG-2019
PGIM India Fixed Duration Fund - Series AA - DPQDPO,DPRMAAD3,PGIMAAD3D,22-AUG-2019
PGIM India Fixed Duration Fund - Series AA - RPADPO,DPRMAAAD,PGIMAAADD,22-AUG-2019
PGIM India Fixed Duration Fund - Series AA - RPG,DPRMAAGP,PGIMAAGPG,22-AUG-2019
PGIM India Fixed Duration Fund - Series AA - RPQDPO,DPRMAAQD,PGIMAAQDD,22-AUG-2019
PGIM India Fixed Duration Fund - Series AB - DPG,DPRMABD1,PGIMABD1G,22-AUG-2019
PGIM India Fixed Duration Fund - Series AB - RPADPO,DPRMABAD,PGIMABADD,22-AUG-2019
PGIM India Fixed Duration Fund - Series AB - RPG,DPRMABGP,PGIMABGPG,22-AUG-2019
PGIM India Fixed Duration Fund - Series AB - RPQDPO,DPRMABQD,PGIMABQDD,22-AUG-2019
PGIM India Fixed Duration Fund - Series AB - RPRDPO,DPRMABDP,PGIMABDPD,22-AUG-2019
PGIM India Fixed Duration Fund - Series AC - DPADPO,DPRMACD4,PGIMACD4D,22-AUG-2019
PGIM India Fixed Duration Fund - Series AC - DPG,DPRMACD1,PGIMACD1G,22-AUG-2019
PGIM India Fixed Duration Fund - Series AC - DPRDPO,DPRMACD2,PGIMACD2D,22-AUG-2019
PGIM India Fixed Duration Fund - Series AC - RPADPO,DPRMACAD,PGIMACADD,22-AUG-2019
PGIM India Fixed Duration Fund - Series AC - RPG,DPRMACGP,PGIMACGPG,22-AUG-2019
PGIM India Fixed Duration Fund - Series AC - RPQDPO,DPRMACQD,PGIMACQDD,22-AUG-2019
PGIM India Fixed Duration Fund - Series AC - RPRDPO,DPRMACDP,PGIMACDPD,22-AUG-2019
PGIM India Fixed Duration Fund - Series AE - DPADPO,DPRMAED4,PGIMAED4D,22-AUG-2019
PGIM India Fixed Duration Fund - Series AE - DPG,DPRMAED1,PGIMAED1G,22-AUG-2019
PGIM India Fixed Duration Fund - Series AE - RPADPO,DPRMAEAD,PGIMAEADD,22-AUG-2019
PGIM India Fixed Duration Fund - Series AE - RPG,DPRMAEGP,PGIMAEGPG,22-AUG-2019
PGIM India Fixed Duration Fund - Series AE - RPRDPO,DPRMAEDP,PGIMAEDPD,22-AUG-2019
PGIM India Fixed Duration Fund - Series AF - DPADPO,DPRMFAD4,PGIMFAD4D,22-AUG-2019
PGIM India Fixed Duration Fund - Series AF - DPG,DPRMFAD1,PGIMFAD1G,22-AUG-2019
PGIM India Fixed Duration Fund - Series AF - RPADPO,DPRMFAAD,PGIMFAADD,22-AUG-2019
PGIM India Fixed Duration Fund - Series AF - RPG,DPRMFAGP,PGIMFAGPG,22-AUG-2019
PGIM India Fixed Duration Fund - Series AF - RPQDPO,DPRMFAQD,PGIMFAQDD,22-AUG-2019
PGIM India Fixed Duration Fund - Series AG - DPG,DPRMAGD1,PGIMAGD1G,22-AUG-2019
PGIM India Fixed Duration Fund - Series AG - RPG,DPRMAGGP,PGIMAGGPG,22-AUG-2019
PGIM India Fixed Duration Fund - Series AH - DPADPO,DPRMAHD4,PGIMAHD4D,22-AUG-2019
PGIM India Fixed Duration Fund - Series AH - DPG,DPRMAHD1,PGIMAHD1G,22-AUG-2019
PGIM India Fixed Duration Fund - Series AH - DPQDPO,DPRMAHD3,PGIMAHD3D,22-AUG-2019
PGIM India Fixed Duration Fund - Series AH - RPADPO,DPRMAHAD,PGIMAHADD,22-AUG-2019
PGIM India Fixed Duration Fund - Series AH - RPG,DPRMAHGP,PGIMAHGPG,22-AUG-2019
PGIM India Fixed Duration Fund - Series AH - RPQDPO,DPRMAHQD,PGIMAHQDD,22-AUG-2019
PGIM India Fixed Duration Fund - Series AP - DPG,DPRMAPD1G,PGIMAPD1G,22-AUG-2019
PGIM India Fixed Duration Fund - Series AP - RPG,DPRMAPGPG,PGIMAPGPG,22-AUG-2019
PGIM India Fixed Duration Fund - Series AP - RPSDPO,DPRMAPDPD,PGIMAPDPD,22-AUG-2019
PGIM India Fixed Duration Fund - Series AQ - DPG,DPRMAQD1G,PGIMAQD1G,22-AUG-2019
PGIM India Fixed Duration Fund - Series AQ - DPSDPO,DPRMAQD2D,PGIMAQD2D,22-AUG-2019
PGIM India Fixed Duration Fund - Series AQ - RPG,DPRMAQGPG,PGIMAQGPG,22-AUG-2019
PGIM India Fixed Duration Fund - Series AR - DPG,DPRMARD1G,PGIMRAD1G,22-AUG-2019
PGIM India Fixed Duration Fund - Series AR - RPG,DPRMARGPG,PGIMRAGPG,22-AUG-2019
PGIM India Fixed Duration Fund - Series AR - RPQDPO,DPRMARQDD,PGIMRAQDD,22-AUG-2019
PGIM India Fixed Duration Fund - Series AR - RPSDPO,DPRMARDPD,PGIMRADPD,22-AUG-2019
PGIM India Fixed Duration Fund - Series AT - DPG,DPRMATD1G,PGIMATD1G,22-AUG-2019
PGIM India Fixed Duration Fund - Series AT - RPG,DPRMATGPG,PGIMATGPG,22-AUG-2019
PGIM India Fixed Duration Fund - Series AT - RPQDPO,DPRMATQDD,PGIMATQDD,22-AUG-2019
PGIM India Fixed Duration Fund - Series AT - RPSDPO,DPRMATDPD,PGIMATDPD,22-AUG-2019
PGIM India Fixed Duration Fund - Series AU - DPG,DPRMAUD1G,PGIMAUD1G,22-AUG-2019
PGIM India Fixed Duration Fund - Series AU - RPG,DPRMAUGPG,PGIMAUGPG,22-AUG-2019
PGIM India Fixed Duration Fund - Series AU - RPQDPO,DPRMAUQDD,PGIMAUQDD,22-AUG-2019
PGIM India Fixed Duration Fund - Series AU - RPSDPO,DPRMAUDPD,PGIMAUDPD,22-AUG-2019
PGIM India Fixed Duration Fund - Series AY - DPG,DPRMAYD1G,PGIMAYD1G,22-AUG-2019
PGIM India Fixed Duration Fund - Series AY - RPG,DPRMAYGPG,PGIMAYGPG,22-AUG-2019
PGIM India Fixed Duration Fund - Series AZ - DPG,DPRMAZD1G,PGIMAZD1G,22-AUG-2019
PGIM India Fixed Duration Fund - Series AZ - RPG,DPRMAZGPG,PGIMAZGPG,22-AUG-2019
PGIM India Fixed Duration Fund - Series AZ - RPSDPO,DPRMAZDPD,PGIMAZDPD,22-AUG-2019
PGIM India Fixed Duration Fund - Series BA - DPG,DPRMBAD1G,PGIMBAD1G,22-AUG-2019
PGIM India Fixed Duration Fund - Series BA - RPG,DPRMBAGPG,PGIMBAGPG,22-AUG-2019
PGIM India Fixed Duration Fund - Series BA - RPQDPO,DPRMBAQDD,PGIMBAQDD,22-AUG-2019
PGIM India Fixed Duration Fund - Series BA - RPSDPO,DPRMBADPD,PGIMBADPD,22-AUG-2019
PGIM India Fixed Duration Fund - Series BB - DPG,DPRMBBD1G,PGIMBBD1G,22-AUG-2019
PGIM India Fixed Duration Fund - Series BB - RPG,DPRMBBGPG,PGIMBBGPG,22-AUG-2019
PGIM India Fixed Duration Fund - Series BB - RPQDPO,DPRMBBQDD,PGIMBBQDD,22-AUG-2019
PGIM India Fixed Duration Fund - Series BB - RPSDPO,DPRMBBDPD,PGIMBBDPD,22-AUG-2019
PGIM India Fixed Duration Fund - Series BC - DPG,DPRMBCD1G,PGIMBCD1G,22-AUG-2019
PGIM India Fixed Duration Fund - Series BC - DPSDT,DPRMBCD2S,PGIMBCD2S,22-AUG-2019
PGIM India Fixed Duration Fund - Series BC - RPG,DPRMBCGPG,PGIMBCGPG,22-AUG-2019
PGIM India Fixed Duration Fund - Series BC - RPQDPO,DPRMBCQDD,PGIMBCQDD,22-AUG-2019
PGIM India Fixed Duration Fund - Series BC - RPSDPO,DPRMBCDPD,PGIMBCDPD,22-AUG-2019
PGIM India Fixed Duration Fund - Series BE - DPG,DPRMBED1G,PGIMBED1G,22-AUG-2019
PGIM India Fixed Duration Fund - Series BE - RPG,DPRMBEGPG,PGIMBEGPG,22-AUG-2019
PGIM India Fixed Duration Fund - Series BE - RPQDPO,DPRMBEQDD,PGIMBEQDD,22-AUG-2019
PGIM India Fixed Duration Fund - Series BE - RPSDPO,DPRMBEDPD,PGIMBEDPD,22-AUG-2019
PGIM India Large Cap Fund Series 2 - DPDPO,DWSLCFS2DD,PGIMC6D2D,22-AUG-2019
PGIM India Large Cap Fund Series 2 - DPG,DWSLCFS2DG,PGIMC6D1G,22-AUG-2019
PGIM India Large Cap Fund Series 2 - RPDPO,DWSLCFS2RD,PGIMC6DPD,22-AUG-2019
PGIM India Large Cap Fund Series 2 - RPG,DWSLCFS2RG,PGIMC6GPG,22-AUG-2019
PIL ITALICA LIFESTYLE LIMITED,PILIND,PILITA,03-SEP-2015
PSL Limited,PSLHOLD,PSL,19-MAY-2003
PVP Ventures Limited,SOFTSOLINT,PVP,23-JUN-2008
PVR INOX Limited,PVR,PVRINOX,12-MAY-2023
Paisalo Digital Limited,SEINV,PAISALO,24-JAN-2018
Palred Technologies Limited,FOURSOFT,PALRED,16-JAN-2014
Panasonic AVC Networks India Company Limited.,MTAL,PAVCI,12-MAR-2004
Parrys Sugar Industries Limited,GMRINDS,PARRYSUGAR,02-DEC-2010
Pearl Global Industries Limited,HOPFL,PGIL,02-JUL-2012
Peninsula Land Limited,MORARJESPG,MORAREALTY,15-OCT-2004
Peninsula Land Limited,MORAREALTY,PENINLAND,09-JUN-2006
Pharmacia Healthcare Limited,ABBOTTLAB,PHARMACIA,24-MAR-2003
Phoenix Lamps Limited,HALONIX,PHOENIXLL,30-OCT-2013
Phoenix Lamps Limited,PHOENIXLMP,HALONIX,09-MAR-2009
Piramal Enterprises Limited,PIRHEALTH,PEL,21-SEP-2012
Piramal Enterprises Limited,NICOLASPIR,PIRHEALTH,19-JUN-2008
Piramal Glass Limited,GUJGLASS,PIRGLASS,12-MAY-2008
Piramal Phytocare Limited,PIRLIFE,PIRPHYTO,23-OCT-2013
Pitti Engineering Limited,PITTILAM,PITTIENG,06-JUN-2018
Poonawalla Fincorp Limited,MAGMA,POONAWALLA,05-AUG-2021
Precot Limited,PRECOTMILL,PRECOT,01-NOV-2006
Premier Limited,PREMAUTO,PREMIER,14-JUN-2005
Pressman Advertising Limited,NUCENT,PRESSMN,11-SEP-2013
Pricol Limited,PREMINSTR,PRICOL,16-AUG-2005
Prism Johnson Limited,PRISMCEM,PRSMJOHNSN,04-MAY-2018
Privi Speciality Chemicals Limited,ADI,FAIRCHEM,19-JAN-2017
Privi Speciality Chemicals Limited,FAIRCHEM,PRIVISCL,14-OCT-2020
Procter & Gamble Health Limited,MERCK,PGHL,11-JUN-2019
Procter & Gamble Health Limited,EMERCK,MERCK,05-NOV-2007
Procter & Gamble Hygiene and Health Care Limited,P&G,PGHH,07-JUL-2004
Profectus Capital Private Limited,10157PCP24,10157PCP27,02-APR-2025
Proseed India Limited,GREENFIRE,PROSEED,18-JUL-2018
Prozone Intu Properties Limited,PROZONE,PROZONECSC,24-SEP-2012
Prozone Intu Properties Limited,PROZONECSC,PROZONINTU,07-OCT-2014
Prozone Realty Limited,PROZONINTU,PROZONER,04-AUG-2023
Quintegra Solutions Limited,SOFFIASOFT,QUINTEGRA,22-AUG-2005
RHI MAGNESITA INDIA LTD,ORIENTREF,RHIM,22-JUL-2021
RPG Cables Limited,RPGTELECOM,RPGCABLES,04-APR-2006
RPG Transmission Limited,SAELTD,RPGTLTD,05-DEC-2006
RPSG VENTURES LIMITED,CESCVENT,RPSGVENT,01-FEB-2021
RSWM Limited,RAJASSPG,RSWM,01-SEP-2006
Rain Industries Limited,RAINCOM,RAIN,23-AUG-2013
Rain Industries Limited,PRIYADCEM,RAINCOM,03-MAR-2008
Rane Holdings Limited,RANEMADRAS,RANEHOLDIN,22-AUG-2005
RattanIndia Enterprises Limited,IBIPL,RTNINFRA,20-NOV-2014
RattanIndia Enterprises Limited,RTNINFRA,RTNINDIA,07-APR-2021
RattanIndia Power Limited,IBPOW,RTNPOWER,20-NOV-2014
Raymond Realty Limited,RRL,RAYMONDREL,27-JUN-2025
Reliance Broadcast Network Limited,RMEDIA,RBN,20-AUG-2010
Reliance Communications Limited,RCVL,RCOM,30-JUN-2006
Reliance Infrastructure Limited,REL,RELINFRA,16-MAY-2008
Reliance Infrastructure Limited,BSES,REL,12-MAR-2004
Reliance MediaWorks Limited,ADLABSFILM,RELMEDIA,20-OCT-2009
Reliance Naval and Engineering Limited,PIPAVAVYD,PIPAVAVDOC,29-SEP-2011
Reliance Naval and Engineering Limited,RDEL,RNAVAL,18-SEP-2017
Reliance Naval and Engineering Limited,PIPAVAVDOC,RDEL,18-MAR-2016
Renaissance Global Limited,RJL,RGL,08-APR-2019
Renol Polychem Limited,RENOL,RNPL,06-AUG-2025
Revathi Equipment India Limited,REVATHIEQU,RVTH,26-NOV-2024
Roofit Industries Limited,RATNABLDG,ROOFITIND,15-SEP-1999
SBI-ETF Gold,SBIGETS,SETFGOLD,24-NOV-2015
SBI-ETF Nifty 50,SETFNIFTY,SETFNIF50,24-NOV-2015
SBI-ETF Nifty Bank,SETFBANK,SETFNIFBK,24-NOV-2015
SBI-ETF Nifty Next 50,SETFNIFJR,SETFNN50,24-NOV-2015
SECUREKLOUD TECHNOLOGIES LIMITED,8KMILES,SECURKLOUD,20-JAN-2021
SEJAL GLASS LIMITED,SEZAL,SEJAL,16-AUG-2021
SI Group - India Limited,SCHENHERD,SIGROUPIND,28-NOV-2006
SI Group - India Limited,HERDILCHEM,SCHENHERD,04-APR-2006
SIGMA ADVANCED SYSTEMS LIMITED,MEGASOFT,SIGMAADV,09-FEB-2026
SIL Investments Limited,SUTLEJINDS,SILINV,21-JUN-2007
SKF India Limited,SKFBEARING,SKFINDIA,20-OCT-2004
SKIL Infrastructure Limited,HORIZONINF,SKIL,24-MAR-2014
SKIL Infrastructure Limited,HORIZONBAT,HORIZONINF,22-FEB-2008
SML Isuzu Limited,SWARAJMAZD,SMLISUZU,17-JAN-2011
SML Mahindra Limited,SMLISUZU,SMLMAH,10-NOV-2025
SONAM LIMITED,SONAMCLOCK,SONAMLTD,15-NOV-2023
SORIL Infra Resources Limited,IBRETAILS,STOREONE,26-OCT-2009
SORIL Infra Resources Limited,STOREONE,SORILINFRA,10-JAN-2017
SORIL Infra Resources Limited,PIRAMYDRET,IBRETAILS,09-JUN-2008
SOVEREIGN GOLD BONDS 2.50% JULY 2029 SR-IV 2021-22,SGBJUN29IV,SGBJUL29IV,28-JUL-2021
SPICEJET LTD,MODILUFT,SPICEJET,19-AUG-2019
SPML Infra Limited,SUBHASPROJ,SPMLINFRA,14-MAY-2010
SREI Infrastructure Finance Limited,SREINTFIN,SREINFRA,21-JUL-2010
SVOGL Oil Gas And Energy Limited,SHIV-VANI,SVOGL,23-OCT-2015
SWAN CORP LIMITED,SWANENERGY,SWANCORP,04-SEP-2025
Sagar Cements Limited,SAGARCEM,SAGCEM,29-JAN-2007
Sambhaav Media Limited,PERLENGINF,SAMBHAAV,18-OCT-2005
Sammaan Capital Limited,IBULHSGFIN,SAMMAANCAP,26-JUL-2024
Sammaan Capital Limited,IBULPP,SCLPP,26-JUL-2024
Sampann Utpadan India Limited,SEPOWER,SAMPANN,23-AUG-2023
Samvardhana Motherson International Limited,MOTHERSUMI,MOTHERSON,09-JUN-2022
Sanofi India Limited,HOECHST,AVENTIS,19-MAY-2003
Sanofi India Limited,AVENTIS,SANOFI,11-JUL-2012
Saregama India Limited,GRAMOPHONE,SAREGAMA,20-AUG-2001
Sastasundar Ventures Limited,MICROSEC,SASTASUNDR,22-NOV-2016
Sathavahana Ispat Limited,SATHVANISP,SATHAISPAT,27-DEC-2006
Savita Oil Technologies Limited,SAVITACHEM,SOTL,24-AUG-2009
Schaeffler India Limited,FAGPRECISN,FAGBEARING,20-AUG-2001
Schaeffler India Limited,FAGBEARING,SCHAEFFLER,01-AUG-2017
Seamec Limited,PEERLESHIP,SEAMECLTD,20-AUG-2001
Semac Construction Limited,REVATHI,SEMAC,21-SEP-2023
Setubandhan Infrastructure Limited,PRAKASHCON,SETUINFRA,30-JUL-2019
Sezal Glass Limited,SEJALGLASS,SEZALGLASS,14-JUL-2010
Shah Metacorp Limited,GAL,SHAH,03-JUL-2023
Shalimar Paints Limited,SHALMPAINT,SHALPAINTS,03-MAR-2008
Shasun Pharmaceuticals Limited,SHASUNCHEM,SHASUNPHAR,28-JAN-2011
Shekhawati Industries Limited,SPYL,SHEKHAWATI,09-AUG-2024
Shirpur Gold Refinery Limited,AGEEGOLD,SHIRPUR-G,17-JAN-2013
Shiva Texyarn Limited,ANAMALFIN,SHIVTEX,22-JAN-2004
Shreyas Shipping & Logistics Limited,SHREYASHIP,SHREYAS,03-APR-2006
Shri Aster Silicates Limited,ASTERSILI,SHRIASTER,03-FEB-2014
Shriram Finance Limited,SRTRANSFIN,SHRIRAMFIN,20-DEC-2022
Simplex Infrastructures Limited,SIMPLEXCON,SIMPLEXINF,21-DEC-2005
Siti Networks Limited,SITICABLE,SITINET,17-AUG-2016
Siti Networks Limited,WWIL,SITICABLE,03-OCT-2012
Siyaram Silk Mills Limited,SIYARSILK,SIYSIL,29-JAN-2007
Smartlink Holdings Limited,D-LINK,SMARTLINK,29-JUL-2009
Solar Industries India Limited,SOLAREX,SOLARINDS,13-APR-2009
Somany Ceramics Limited,SPLLTD,SOMANYCERA,21-MAR-2007
Sovereign Gold Bonds 2.75% NOV 2023 Tr-I,GBNOV23,SBNOV23,15-SEP-2016
Sovereign Gold Bonds 2.75% NOV 2023 Tr-I,SBNOV23,SGBNOV23,15-SEP-2016
Spentex Industries Limited,SPENTXIND,SPENTEX,20-DEC-2006
Sri Havisha Hospitality and Infrastructure Limited,SHAKTIGAS,HAVISHA,12-APR-2018
Srikalahasthi Pipes Limited,LANCOIND,LANCOIN,28-AUG-2007
Srikalahasthi Pipes Limited,LANCOIN,SRIPIPES,17-DEC-2014
Standard Engineering Technology Limited,SGLTL,SETL,19-JAN-2026
Stel Holdings Limited,SENTINEL,STEL,08-NOV-2011
Sterling Biotech Limited,STERLINTEA,STERLINBIO,09-JUL-2003
Sterlite Technologies Limited,STRTECH,STLTECH,29-OCT-2020
Sterlite Technologies Limited,STROPTICAL,STRTECH,17-DEC-2007
Styrenix Performance Materials Limited,INEOSSTYRO,STYRENIX,20-JAN-2023
Sudarshan Colorants India Limited,HEUBACHIND,SUDARCOLOR,20-JAN-2026
Sudarshan Colorants India Limited,CLNINDIA,HEUBACHIND,10-MAR-2023
Summit Securities Limited,KECINTL,KECINFRA,21-FEB-2006
Summit Securities Limited,KECINFRA,SUMMIT,21-APR-2008
Sundrop Brands Limited,ATFL,SUNDROP,28-MAR-2025
Sunflag Iron And Steel Company Limited,SUNFLAGIRN,SUNFLAG,29-SEP-2005
Supreme Tex Mart Limited,SUPREMYARN,SUPREMETEX,15-FEB-2008
Surana Solar Limited,SURANAVEL,SURANASOL,19-NOV-2014
Surana Telecom and Power Limited,SURANATELE,SURANAT&P,08-FEB-2010
Swelect Energy Systems Limited,NUMERICPW,SWELECTES,09-JUL-2012
TATA CONSUMER PRODUCTS LIMITED,TATAGLOBAL,TATACONSUM,27-FEB-2020
TATA CONSUMER PRODUCTS LIMITED,TATATEA,TATAGLOBAL,21-JUL-2010
TGB Banquets And Hotels Limited,BHAGWATIHO,TGBHOTELS,31-MAY-2013
TITAGARH RAIL SYSTEMS LIMITED,TWL,TITAGARH,19-JUN-2023
TRANSWORLD SHIPPING LINES LIMITED,SHREYAS,TRANSWORLD,23-OCT-2024
TSF INVESTMENTS LIMITED,SUNDARMHLD,TSFINV,16-OCT-2025
TV18 Broadcast Limited,IBN18,TV18BRDCST,19-JUL-2011
TV18 Broadcast Limited,GBN,IBN18,15-MAY-2008
TVS Holdings Limited,SUNCLAYLTD,TVSHLTD,10-AUG-2023
TVS Motor Company Limited,TVS-SUZUKI,TVSMOTOR,03-DEC-2001
TVS Srichakra Limited,SRICHAKTYR,TVSSRICHAK,13-FEB-2007
Tarmat Limited,ROMAN,TARMAT,12-SEP-2012
Tata Coffee Limited,CONSCOFFEE,TATACOFFEE,04-APR-2006
Tata Communications Limited,VSNL,TATACOMM,25-FEB-2008
Tata Investment Corporation Limited,INVESTCORP,TATAINVEST,07-JUL-2005
Tata Motors Limited,TELCO,TATAMOTORS,26-DEC-2003
Tata Motors Passenger Vehicles Limited,TATAMOTORS,TMPV,24-OCT-2025
Tata Steel Bsl Limited,BHUSANSTL,TATASTLBSL,10-DEC-2018
Tata Steel Limited,TISCO,TATASTEEL,17-OCT-2005
Tata Steel Long Products Limited,IPITATASPO,TATASPONGE,11-FEB-2004
Tata Steel Long Products Limited,TATASPONGE,TATASTLLP,03-SEP-2019
Tata Teleservices (Maharashtra) Limited,HUGHESTELE,TATATELSER,25-JUN-2003
Tata Teleservices (Maharashtra) Limited,TATATELSER,TTML,14-JAN-2005
Team India Guaranty Limited,TIMESGTY,TEAMGTY,13-AUG-2025
Teamo Productions HQ Limited,GISOLUTION,TPHQ,20-OCT-2023
Techindia Nirman Limited,NATHSEED,TECHIN,31-OCT-2014
Tembo Global Industries Limited,SAKETH,TEMBO,13-APR-2020
Texmaco Infrastructure & Holdings Limited,TEXMACOLTD,TEXINFRA,20-MAR-2012
The Investment Trust Of India Limited,FORTUNEFIN,THEINVEST,25-JUL-2018
The Madras Aluminium Company Limited,MADRASALMN,MALCO,12-APR-2007
The Ramco Cements Limited,MADRASCEM,RAMCOCEM,30-SEP-2013
Timken India Limited,TATATIMKEN,TIMKEN,06-FEB-2007
Tips Music Limited,TIPSINDLTD,TIPSMUSIC,30-SEP-2024
Tirupati Forge Limited,FORGE,TIRUPATIFL,15-JAN-2018
Torrent Power AEC Limited,AHMEDELEC,TORRENTAEC,17-JUN-2005
Torrent Power SEC Limited,SURATELEC,TORRENTSEC,07-JUN-2005
Transformers And Rectifiers (India) Limited,TRIL,TARIL,26-AUG-2024
Trent Limited,LAKME,TRENT,07-JUN-2004
Trident Limited,ABSHEKINDS,TRIDENT,03-MAY-2011
Trigyn Technologies Limited,LEADEDSYS,TRIGYN,26-JUL-2005
TruCap Finance Limited,DHANVARSHA,TRU,01-SEP-2022
Twamev Construction and Infrastructure Limited,TCLCONS,TICL,07-FEB-2025
UCAL LIMITED,UCALFUEL,UCAL,26-JUL-2023
UFLEX Limited,FLEX,UFLEX,17-APR-2007
UMIYA BUILDCON LIMITED,MRO-TEK,UMIYA-MRO,15-APR-2025
UNO Minda Limited,MINDAIND,UNOMINDA,05-AUG-2022
UPL Limited,UNIPHOS,UPL,23-OCT-2013
UTI BSE Sensex ETF,UTISENSETF,SENSEXBETA,24-DEC-2025
UTI BSE Sensex Next 50 ETF,UTISXN50,SNXT50BETA,24-DEC-2025
UTI Mutual Fund - UTI Gold Exchange Traded Fund,GOLDSHARE,GOLDBETA,24-DEC-2025
UTI Mutual Fund - UTI NIfty Next 50 Exchange Traded Fund - UTI NIFTY N,UTINEXT50,NEXT50BETA,24-DEC-2025
UTI Mutual Fund - UTI Nifty 10 yr Benchmark G-Sec ETF,NIF10GETF,GILT10BETA,24-DEC-2025
UTI Mutual Fund - UTI Nifty 5 yr Benchmark G-Sec ETF,NIF5GETF,GILT5BETA,24-DEC-2025
UTI Mutual Fund - UTI Nifty IT ETF,NIFITETF,ITBETA,24-DEC-2025
UTI Mutual Fund - UTI Nifty Midcap 150 Exchange Traded Fund (ETF),NIFMID150,MIDCAPBETA,24-DEC-2025
UTI Mutual Fund - UTI Silver Exchange Traded Fund (UTI Silver ETF),SILVERETF,SILVERBETA,24-DEC-2025
UTI Nifty 50 ETF,UTINIFTETF,NIFTYBETA,24-DEC-2025
UTI Nifty Bank ETF,UTIBANKETF,BANKBETA,24-DEC-2025
Ujaas Energy Limited,MBSWITCH,UJAAS,23-SEP-2013
United Foodbrands Limited,BARBEQUE,UFBL,13-OCT-2025
United Spirits Limited,MCDOWELL-N,UNITDSPR,07-JUN-2024
Univa Foods Limited,HOTELRUGBY,UNIVAFOODS,23-NOV-2022
Uravi Defence and Technology Limited,URAVI,URAVIDEF,16-JAN-2025
Usha Martin Education & Solutions Limited,UMITL,UMESL,07-JAN-2010
Usha Martin Limited,USHABEL,USHAMART,20-OCT-2004
Uttam Value Steels Limited,LLOYDSTEEL,UTTAMVALUE,29-APR-2013
V2 Retail Limited,VISHALRET,V2RETAIL,24-FEB-2012
VA Tech Wabag Limited,VATECH,WABAG,15-DEC-2010
VARVEE GLOBAL LIMITED,AARVEEDEN,VGL,13-OCT-2025
VIP Clothing Limited,MAXWELL,VIPCLOTHNG,21-DEC-2016
VTX Industries Limited,VIJAYTEX,VTXIND,04-APR-2011
Vaibhav Global Limited,VAIBHAVGEM,VAIBHAVGBL,24-DEC-2012
Vakrangee Limited,VAKRANSOFT,VAKRANGEE,27-NOV-2013
Value Industries Limited,VDOCONAPPL,VALUEIND,22-MAY-2008
Vardhman Holdings Limited,VSGML,VHL,17-APR-2006
Vardhman Textiles Limited,MAHAVIRSPG,VTL,11-OCT-2006
Vatsa Music Limited,BABABUSERV,VATSMUSC,20-AUG-2001
Vedanta Limited,SSLT,VEDL,07-MAY-2015
Vedanta Limited,SESAGOA,SSLT,04-OCT-2013
Veedol Corporation Limited,TIDEWATER,VEEDOL,09-OCT-2024
Venky's (India) Limited,WESTHATCH,VENKEYS,17-SEP-2003
Vertis Infrastructure Trust,HIGHWAYS,VERTIS,22-JUL-2025
Vertis Infrastructure Trust,VERTIS,VERTIS,22-JUL-2025
Videocon Industries Limited,VDOLEASE,VIDEOIND,21-SEP-2004
Vidhi Specialty Food Ingredients Limited,VIDHIDYE,VIDHIING,01-MAR-2017
Vikas EcoTech Limited,VIKASGLOB,VIKASECO,21-DEC-2015
Vikas Lifecare Limited,VIKASMCORP,VIKASLIFE,06-MAY-2021
Viyash Scientific Limited,SEQUENT,VIYASH,23-JAN-2026
W S Industries (I) Limited,WSIND,WSI,01-AUG-2007
WABCO India Limited,WABCO-TVS,WABCOINDIA,06-SEP-2011
WE WIN LIMITED,SUREVIN,WEWIN,01-JUL-2020
Wartsila India Limited,WARTDEISEL,WARTSILA,20-SEP-2000
Welspun Corp Limited,WELGUJ,WELCORP,17-MAY-2010
Welspun Enterprises Limited,WELPROJ,WELENT,24-JUN-2015
Welspun Enterprises Limited,MSKPROJ,WELPROJ,04-JAN-2011
Welspun Living Limited,WELSPUNIND,WELSPUNLIV,14-DEC-2023
Wendt (India) Limited,WENDTINDIA,WENDT,07-AUG-2006
WinPro Industries Limited,JUMPNET,WINPRO,22-DEC-2021
Windsor Machines Limited,DGPWINDSOR,WINDSOR,05-APR-2005
Winsome Diamonds and Jewellery Limited,SURAJDIAMN,WINSOMEDJ,24-JUL-2012
Wonder Electricals Limited,WFL,WEL,04-JAN-2023
Wopolin Plastics Limited,BAJAJPLAST,WOPOLIN,23-NOV-2005
Worth Peripherals Limited,WORTH,WORTHPERI,10-OCT-2025
Wyeth Limited,WYETHLEDE,WYETH,01-SEP-2006
XL Energy Limited,XLTL,XLTELENE,22-JUL-2009
XL Energy Limited,XLTELENE,XLENERGY,13-DEC-2010
Xchanging Solutions Limited,CAMBRIDGE,XCHANGING,25-JUN-2012
Xchanging Solutions Limited,SCANDENT,CAMBRIDGE,17-JUL-2006
Yaari Digital Integrated Services Limited,IBWSL,SORILHOLD,18-APR-2017
Yaari Digital Integrated Services Limited,YAARII,YAARI,15-DEC-2021
Yaari Digital Integrated Services Limited,SORILHOLD,IBULISL,08-JUN-2018
Yaari Digital Integrated Services Limited,IBULISL,YAARII,08-DEC-2020
ZUARI INDUSTRIES LIMITED,ZUARIAGRO,ZUARIGLOB,25-SEP-2012
ZUARI INDUSTRIES LIMITED,ZUARIGLOB,ZUARIIND,04-JUL-2022
Zandu Realty Limited,ZANDUPHARM,ZANDUREALT,10-MAR-2010
Zee Entertainment Enterprises Limited,ZEETELE,ZEEL,28-FEB-2007
Zee Media Corporation Limited,ZEENEWS,ZEEMEDIA,30-JUL-2013
Zenith Steel Pipes & Industries Limited,ZENITHBIR,ZENITHSTL,19-AUG-2020
Zensar Technologies Limited,FUJITSICIM,ZENSARTECH,04-MAR-2004
Zydus Lifesciences Limited,CADILAHC,ZYDUSLIFE,07-MAR-2022
e-Serve International Limited,CITICORSEC,E-SERVEINT,09-JUL-2003
iGate Global Solutions Limited,MASCOT,IGS,07-AUG-2003
,780LTFL30,799LTFL30,19-FEB-2025
